SA2_CODE_2021,LFS_Emp_Dia_ges_dia,LFS_Emp_HD_HA_ang,LFS_Emp_Kid_dis,LFS_Emp_LC_COPD_emph,LFS_Emp_MHC_dep_anx,LFS_Emp_Stroke,LFS_Emp_oth_LTHC,LFS_Emp_no_LTHC,LFS_Emp_LTHC_NS,LFS_Emp_Tot,LFS_Unemp_Arth,LFS_Unemp_Asth,LFS_Unemp_Can_rem,LFS_Unemp_Dem_Alzh,LFS_Unemp_Dia_ges_dia,LFS_Unemp_HD_HA_ang,LFS_Unemp_Kid_dis,LFS_Unemp_LC_COPD_emph,LFS_Unemp_MHC_dep_anx,LFS_Unemp_Stroke,LFS_Unemp_oth_LTHC,LFS_Unemp_no_LTHC,LFS_Unemp_LTHC_NS,LFS_Unemp_Tot,LFS_NLF_Arth,LFS_NLF_Asth,LFS_NLF_Can_rem,LFS_NLF_Dem_Alzh,LFS_NLF_Dia_ges_dia,LFS_NLF_HD_HA_ang,LFS_NLF_Kid_dis,LFS_NLF_LC_COPD_emph,LFS_NLF_MHC_dep_anx,LFS_NLF_Stroke,LFS_NLF_oth_LTHC,LFS_NLF_no_LTHC,LFS_NLF_LTHC_NS,LFS_NLF_Tot,LFS_NS_Arth,LFS_NS_Asth,LFS_NS_Can_rem,LFS_NS_Dem_Alzh,LFS_NS_Dia_ges_dia,LFS_NS_HD_HA_ang,LFS_NS_Kid_dis,LFS_NS_LC_COPD_emph,LFS_NS_MHC_dep_anx,LFS_NS_Stroke,LFS_NS_oth_LTHC,LFS_NS_no_LTHC,LFS_NS_LTHC_NS,LFS_NS_Tot,LFS_Tot_Arth,LFS_Tot_Asth,LFS_Tot_Can_rem,LFS_Tot_Dem_Alzh,LFS_Tot_Dia_ges_dia,LFS_Tot_HD_HA_ang,LFS_Tot_Kid_dis,LFS_Tot_LC_COPD_emph,LFS_Tot_MHC_dep_anx,LFS_Tot_Stroke,LFS_Tot_oth_LTHC,LFS_Tot_no_LTHC,LFS_Tot_LTHC_NS,LFS_Tot_Tot,TPI_wk_NNI_Arth,TPI_wk_NNI_Asth,TPI_wk_NNI_Can_rem,TPI_wk_NNI_Dem_Alzh,TPI_wk_NNI_Dia_ges_dia,TPI_wk_NNI_HD_HA_ang,TPI_wk_NNI_Kid_dis,TPI_wk_NNI_LC_COPD_emph,TPI_wk_NNI_MHC_dep_anx,TPI_wk_NNI_Stroke,TPI_wk_NNI_oth_LTHC,TPI_wk_NNI_no_LTHC,TPI_wk_NNI_LTHC_NS,TPI_wk_NNI_Tot,TPI_wk_1_299_Arth,TPI_wk_1_299_Asth,TPI_wk_1_299_Can_rem,TPI_wk_1_299_Dem_Alzh,TPI_wk_1_299_Dia_ges_dia,TPI_wk_1_299_HD_HA_ang,TPI_wk_1_299_Kid_dis,TPI_wk_1_299_LC_COPD_emph,TPI_wk_1_299_MHC_dep_anx,TPI_wk_1_299_Stroke,TPI_wk_1_299_oth_LTHC,TPI_wk_1_299_no_LTHC,TPI_wk_1_299_LTHC_NS,TPI_wk_1_299_Tot,TPI_wk_300_649_Arth,TPI_wk_300_649_Asth,TPI_wk_300_649_Can_rem,TPI_wk_300_649_Dem_Alzh,TPI_wk_300_649_Dia_ges_dia,TPI_wk_300_649_HD_HA_ang,TPI_wk_300_649_Kid_dis,TPI_wk_300_649_LC_COPD_emph,TPI_wk_300_649_MHC_dep_anx,TPI_wk_300_649_Stroke,TPI_wk_300_649_oth_LTHC,TPI_wk_300_649_no_LTHC,TPI_wk_300_649_LTHC_NS,TPI_wk_300_649_Tot,TPI_wk_650_999_Arth,TPI_wk_650_999_Asth,TPI_wk_650_999_Can_rem,TPI_wk_650_999_Dem_Alzh,TPI_wk_650_999_Dia_ges_dia,TPI_wk_650_999_HD_HA_ang,TPI_wk_650_999_Kid_dis,TPI_wk_650_999_LC_COPD_emph,TPI_wk_650_999_MHC_dep_anx,TPI_wk_650_999_Stroke,TPI_wk_650_999_oth_LTHC,TPI_wk_650_999_no_LTHC,TPI_wk_650_999_LTHC_NS,TPI_wk_650_999_Tot,TPI_wk_1000_1749_Arth,TPI_wk_1000_1749_Asth,TPI_wk_1000_1749_Can_rem,TPI_wk_1000_1749_Dem_Alzh,TPI_wk_1000_1749_Dia_ges_dia,TPI_wk_1000_1749_HD_HA_ang,TPI_wk_1000_1749_Kid_dis,TPI_wk_1000_1749_LC_COPD_emph,TPI_wk_1000_1749_MHC_dep_anx,TPI_wk_1000_1749_Stroke,TPI_wk_1000_1749_oth_LTHC,TPI_wk_1000_1749_no_LTHC,TPI_wk_1000_1749_LTHC_NS,TPI_wk_1000_1749_Tot,TPI_wk_1750_2999_Arth,TPI_wk_1750_2999_Asth,TPI_wk_1750_2999_Can_rem,TPI_wk_1750_2999_Dem_Alzh,TPI_wk_1750_2999_Dia_ges_dia,TPI_wk_1750_2999_HD_HA_ang,TPI_wk_1750_2999_Kid_dis,TPI_wk_1750_2999_LC_COPD_emph,TPI_wk_1750_2999_MHC_dep_anx,TPI_wk_1750_2999_Stroke,TPI_wk_1750_2999_oth_LTHC,TPI_wk_1750_2999_no_LTHC,TPI_wk_1750_2999_LTHC_NS,TPI_wk_1750_2999_Tot,TPI_wk_3000_more_Arth,TPI_wk_3000_more_Asth,TPI_wk_3000_more_Dep_rem,TPI_wk_3000_more_Dem_Alzh,TPI_wk_3000_more_Dia_ges_dia,TPI_wk_3000_more_HD_HA_ang,TPI_wk_3000_more_Kid_dis,TPI_wk_3000_more_LC_COPD_emph,TPI_wk_3000_more_MHC_dep_anx,TPI_wk_3000_more_Stroke,TPI_wk_3000_more_oth_LTHC,TPI_wk_3000_more_no_LTHC,TPI_wk_3000_more_LTHC_NS,TPI_wk_3000_more_Tot,TPI_wk_NS_Arth,TPI_wk_NS_Asth,TPI_wk_NS_Can_rem,TPI_wk_NS_Dem_Alzh,TPI_wk_NS_Dia_ges_dia,TPI_wk_NS_HD_HA_ang,TPI_wk_NS_Kid_dis,TPI_wk_NS_LC_COPD_emph,TPI_wk_NS_MHC_dep_anx,TPI_wk_NS_Stroke,TPI_wk_NS_oth_LTHC,TPI_wk_NS_no_LTHC,TPI_wk_NS_LTHC_NS,TPI_wk_NS_Tot,TPI_wk_Tot_Arth,TPI_wk_Tot_Asth,TPI_wk_Tot_Can_rem,TPI_wk_Tot_Dem_Alzh,TPI_wk_Tot_Dia_ges_dia,TPI_wk_Tot_HD_HA_ang,TPI_wk_Tot_Kid_dis,TPI_wk_Tot_LC_COPD_emph,TPI_wk_Tot_MHC_dep_anx,TPI_wk_Tot_Stroke,TPI_wk_Tot_oth_LTHC,TPI_wk_Tot_no_LTHC,TPI_wk_Tot_LTHC_NS,TPI_wk_Tot_Total,CANA_HNA_Arth,CANA_HNA_Asth,CANA_HNA_Can_rem,CANA_HNA_Dem_Alzh,CANA_HNA_Dia_ges_dia,CANA_HNA_HD_HA_ang,CANA_HNA_Kid_dis,CANA_HNA_LC_COPD_emph
801011001,..,..,..,..,..,..,..,..,..,..,..,..,..,..,..,..,..,..,..,..,..,..,..,..,..,..,..,..,..,..,..,..,..,..,..,..,..,..,..,..,..,..,..,..,..,..,..,..,..,..,..,..,..,..,..,..,..,..,..,..,..,..,..,..,..,..,11,12,0,0,0,0,0,0,7,0,16,93,0,131,17,11,10,3,7,5,0,0,22,0,18,87,5,156,56,17,12,7,13,13,0,5,39,0,29,123,8,254,40,30,16,0,7,15,4,5,26,4,27,99,8,210,63,36,30,0,21,28,7,6,45,4,52,286,7,491,43,54,23,0,11,22,0,9,58,7,46,302,6,496,17,34,11,0,8,9,0,4,14,0,28,181,5,282,3,4,0,0,0,0,0,0,0,0,0,9,62,77,250,184,104,11,65,94,19,36,210,20,215,1182,116,2095,47,8,11,10,19,23,7,6
801011002,..,..,..,..,..,..,..,..,..,..,..,..,..,..,..,..,..,..,..,..,..,..,..,..,..,..,..,..,..,..,..,..,..,..,..,..,..,..,..,..,..,..,..,..,..,..,..,..,..,..,..,..,..,..,..,..,..,..,..,..,..,..,..,..,..,..,10,8,0,0,9,10,0,0,42,3,32,444,5,536,28,31,9,5,15,9,7,11,54,5,33,250,16,388,130,126,43,22,57,65,11,32,216,19,132,876,23,1406,81,94,17,4,35,33,13,15,144,10,93,923,12,1295,102,191,29,11,49,44,18,18,291,14,182,1602,36,2292,48,129,27,0,49,12,14,3,147,3,113,758,19,1167,18,26,7,0,4,8,0,0,13,0,26,150,5,231,13,3,0,10,0,6,0,3,6,0,3,62,351,439,437,600,144,52,223,185,68,79,913,48,619,5062,470,7764,95,42,28,43,38,50,12,27
801011003,..,..,..,..,..,..,..,..,..,..,..,..,..,..,..,..,..,..,..,..,..,..,..,..,..,..,..,..,..,..,..,..,..,..,..,..,..,..,..,..,..,..,..,..,..,..,..,..,..,..,..,..,..,..,..,..,..,..,..,..,..,..,..,..,..,..,9,28,14,3,15,9,6,0,38,0,34,342,10,455,28,47,8,4,15,6,5,3,90,0,54,343,12,533,86,116,30,13,41,40,10,17,212,27,116,736,18,1202,56,81,26,16,18,28,12,4,116,8,89,640,15,953,98,175,40,5,41,50,16,14,215,12,165,1166,31,1762,80,110,26,3,18,35,9,7,125,9,153,698,17,1135,36,33,18,0,20,16,7,4,22,3,37,253,3,400,12,8,12,15,5,4,7,9,15,3,18,40,208,295,408,594,167,63,173,197,62,64,832,62,660,4214,307,6732,88,46,29,56,31,55,23,25
801011004,..,..,..,..,..,..,..,..,..,..,..,..,..,..,..,..,..,..,..,..,..,..,..,..,..,..,..,..,..,..,..,..,..,..,..,..,..,..,..,..,..,..,..,..,..,..,..,..,..,..,..,..,..,..,..,..,..,..,..,..,..,..,..,..,..,..,15,20,3,0,3,3,3,3,28,0,18,97,10,190,36,25,9,0,5,15,4,4,44,3,30,81,7,185,96,63,31,4,52,36,8,25,96,10,74,192,20,478,41,52,20,0,25,13,5,13,51,8,41,164,12,339,63,92,16,0,30,21,8,9,98,4,89,408,20,718,31,42,15,0,12,3,0,7,46,3,41,186,5,331,0,5,3,0,0,0,0,0,4,0,4,25,0,46,0,3,0,0,9,0,0,0,0,0,4,24,88,121,286,305,97,10,145,97,36,61,371,27,305,1187,158,2407,52,54,23,7,23,25,6,10
801011005,..,..,..,..,..,..,..,..,..,..,..,..,..,..,..,..,..,..,..,..,..,..,..,..,..,..,..,..,..,..,..,..,..,..,..,..,..,..,..,..,..,..,..,..,..,..,..,..,..,..,..,..,..,..,..,..,..,..,..,..,..,..,..,..,..,..,6,10,5,0,0,0,0,0,18,0,11,82,0,128,15,16,7,0,15,9,3,8,20,0,22,83,5,153,67,49,16,5,22,29,7,14,72,7,63,135,13,347,50,33,16,7,16,23,0,9,34,3,38,146,7,284,98,67,45,5,24,27,7,14,97,6,100,304,14,629,57,68,20,0,8,15,4,7,75,0,89,335,19,603,18,20,8,0,3,10,0,0,23,0,22,116,9,199,0,3,3,0,5,0,0,0,3,0,0,7,73,94,312,272,120,16,95,110,27,44,344,22,353,1212,135,2450,46,17,10,8,18,22,4,12
801011006,..,..,..,..,..,..,..,..,..,..,..,..,..,..,..,..,..,..,..,..,..,..,..,..,..,..,..,..,..,..,..,..,..,..,..,..,..,..,..,..,..,..,..,..,..,..,..,..,..,..,..,..,..,..,..,..,..,..,..,..,..,..,..,..,..,..,31,61,13,4,33,17,6,9,63,0,62,273,16,477,35,53,5,0,22,15,3,11,63,3,43,210,14,386,147,96,30,13,68,63,20,30,120,12,116,308,22,727,87,77,21,0,53,33,9,17,116,12,91,378,15,708,156,201,62,0,82,45,13,18,195,13,193,893,43,1593,85,151,31,0,81,13,14,9,157,5,145,696,32,1219,23,28,5,0,18,11,0,5,19,0,20,158,4,259,11,3,0,0,0,0,0,0,7,3,7,27,151,197,586,665,167,18,349,201,66,103,732,50,676,2933,287,5560,100,71,27,14,47,56,10,33
801011007,..,..,..,..,..,..,..,..,..,..,..,..,..,..,..,..,..,..,..,..,..,..,..,..,..,..,..,..,..,..,..,..,..,..,..,..,..,..,..,..,..,..,..,..,..,..,..,..,..,..,..,..,..,..,..,..,..,..,..,..,..,..,..,..,..,..,21,33,8,0,12,10,3,0,49,4,24,154,4,275,43,37,14,6,19,22,0,13,62,5,45,172,10,334,112,87,33,5,72,60,19,32,126,10,109,279,23,680,74,57,43,5,40,35,13,16,77,8,67,305,14,596,113,135,44,0,60,29,11,11,143,7,144,686,28,1205,77,113,30,0,43,12,13,9,114,4,109,556,21,941,18,30,12,0,8,4,0,3,25,0,28,149,7,245,4,0,0,0,0,0,0,0,0,0,0,14,96,115,461,491,176,14,253,166,56,83,602,39,536,2324,208,4394,62,48,23,10,31,27,13,24
801011008,..,..,..,..,..,..,..,..,..,..,..,..,..,..,..,..,..,..,..,..,..,..,..,..,..,..,..,..,..,..,..,..,..,..,..,..,..,..,..,..,..,..,..,..,..,..,..,..,..,..,..,..,..,..,..,..,..,..,..,..,..,..,..,..,..,..,16,26,8,3,15,9,0,7,32,3,36,175,7,286,34,34,10,0,24,17,8,0,50,3,46,170,9,328,167,101,41,12,84,59,12,45,131,24,128,293,13,738,57,54,25,0,38,26,6,22,57,3,47,291,15,519,108,98,42,3,59,45,14,22,103,9,133,564,21,1020,68,89,22,0,41,17,6,0,81,4,72,427,7,727,12,21,10,0,10,4,0,0,14,0,21,129,6,197,7,9,0,0,6,0,4,4,3,0,6,20,111,149,468,424,165,20,270,181,52,93,482,41,494,2074,189,3960,94,60,39,16,57,43,16,31
801011009,..,..,..,..,..,..,..,..,..,..,..,..,..,..,..,..,..,..,..,..,..,..,..,..,..,..,..,..,..,..,..,..,..,..,..,..,..,..,..,..,..,..,..,..,..,..,..,..,..,..,..,..,..,..,..,..,..,..,..,..,..,..,..,..,..,..,25,22,8,0,6,9,0,4,33,0,31,126,11,223,29,21,10,0,9,6,3,0,32,0,33,100,6,206,81,48,28,5,43,30,12,23,83,8,79,163,4,431,50,43,17,3,31,16,0,12,45,5,36,186,3,360,86,87,24,0,44,37,4,16,95,4,67,431,15,747,63,73,24,0,33,25,12,8,75,3,82,400,21,674,17,13,14,0,4,8,0,0,15,0,19,96,3,162,3,5,3,0,0,0,0,3,0,0,5,4,79,90,353,312,130,6,175,125,35,70,379,27,350,1512,136,2900,60,33,22,5,30,15,5,14
801011010,..,..,..,..,..,..,..,..,..,..,..,..,..,..,..,..,..,..,..,..,..,..,..,..,..,..,..,..,..,..,..,..,..,..,..,..,..,..,..,..,..,..,..,..,..,..,..,..,..,..,..,..,..,..,..,..,..,..,..,..,..,..,..,..,..,..,18,20,8,0,6,4,4,4,25,0,17,72,0,137,18,15,3,0,10,0,0,3,26,0,14,73,0,134,54,41,13,3,10,27,6,13,36,3,48,77,3,220,53,32,16,3,11,21,6,8,41,0,35,96,4,221,65,40,22,5,30,19,10,9,47,0,61,246,5,445,34,40,17,0,16,9,5,5,52,0,43,209,11,375,11,20,0,0,3,0,0,0,14,0,16,55,0,114,3,0,0,0,0,0,0,0,3,0,0,10,33,47,247,206,87,13,97,92,26,36,241,8,237,844,67,1707,38,23,17,11,11,12,10,4
801011011,..,..,..,..,..,..,..,..,..,..,..,..,..,..,..,..,..,..,..,..,..,..,..,..,..,..,..,..,..,..,..,..,..,..,..,..,..,..,..,..,..,..,..,..,..,..,..,..,..,..,..,..,..,..,..,..,..,..,..,..,..,..,..,..,..,..,10,19,3,0,13,6,7,0,30,0,21,106,5,190,20,18,15,0,12,12,0,7,18,0,16,85,5,161,76,40,27,4,46,26,13,11,53,11,75,168,13,417,53,39,26,0,17,22,8,7,39,3,32,185,10,346,56,73,31,0,37,37,14,10,88,7,93,396,26,717,38,72,16,0,25,14,6,7,74,3,55,339,19,559,14,18,7,0,14,0,6,3,16,0,9,107,5,175,0,3,0,0,0,0,0,0,4,0,0,19,64,101,276,285,114,9,156,117,45,39,321,27,298,1404,152,2671,34,18,23,6,10,19,0,12
801011012,..,..,..,..,..,..,..,..,..,..,..,..,..,..,..,..,..,..,..,..,..,..,..,..,..,..,..,..,..,..,..,..,..,..,..,..,..,..,..,..,..,..,..,..,..,..,..,..,..,..,..,..,..,..,..,..,..,..,..,..,..,..,..,..,..,..,0,0,0,0,0,0,0,0,0,0,0,0,0,0,0,0,0,0,0,0,0,0,0,0,0,0,0,0,0,0,0,0,0,0,0,0,0,0,0,0,0,0,0,0,0,0,0,0,0,0,0,0,0,0,0,0,0,0,0,0,0,0,0,0,0,0,0,0,0,0,0,0,0,0,0,0,0,0,0,0,0,0,0,0,0,0,0,0,0,0,0,0,0,0,0,0,0,0,0,0,0,0,0,0,0,0,0,0,0,0,0,0,0,0,0,0,0,0,0,0,0,0,0,0,0,0,0,0,0,0,0,0,0,0
801011013,..,..,..,..,..,..,..,..,..,..,..,..,..,..,..,..,..,..,..,..,..,..,..,..,..,..,..,..,..,..,..,..,..,..,..,..,..,..,..,..,..,..,..,..,..,..,..,..,..,..,..,..,..,..,..,..,..,..,..,..,..,..,..,..,..,..,7,18,3,0,3,4,0,5,17,0,19,96,5,161,24,16,15,0,10,10,3,6,27,0,23,118,11,201,83,40,22,3,25,28,7,20,65,9,54,166,8,376,56,33,28,4,21,11,9,7,43,4,52,154,8,332,79,54,37,0,36,36,5,13,52,11,78,316,10,596,48,57,16,6,17,28,6,5,59,0,65,288,13,514,23,22,9,3,12,10,4,3,16,0,32,159,6,253,4,3,3,0,0,0,0,0,0,0,0,3,76,87,317,243,137,17,129,137,36,58,274,35,320,1301,136,2520,51,26,27,12,24,22,11,21
801011014,..,..,..,..,..,..,..,..,..,..,..,..,..,..,..,..,..,..,..,..,..,..,..,..,..,..,..,..,..,..,..,..,..,..,..,..,..,..,..,..,..,..,..,..,..,..,..,..,..,..,..,..,..,..,..,..,..,..,..,..,..,..,..,..,..,..,11,16,3,0,3,0,0,0,35,4,23,111,6,200,29,29,5,0,14,10,5,8,29,3,30,83,9,189,106,75,34,4,65,58,24,35,75,12,60,179,17,475,56,31,19,3,25,27,4,8,49,11,38,184,13,363,82,76,20,0,40,31,12,15,91,4,87,414,10,711,36,69,23,0,21,10,5,0,61,0,70,309,10,522,14,15,3,0,0,7,0,0,9,0,12,58,3,101,6,4,0,0,0,0,0,0,5,0,6,16,60,92,342,316,107,8,171,142,48,71,355,36,330,1357,131,2656,56,23,22,5,35,26,11,11
801011015,..,..,..,..,..,..,..,..,..,..,..,..,..,..,..,..,..,..,..,..,..,..,..,..,..,..,..,..,..,..,..,..,..,..,..,..,..,..,..,..,..,..,..,..,..,..,..,..,..,..,..,..,..,..,..,..,..,..,..,..,..,..,..,..,..,..,20,28,12,0,17,9,0,5,46,5,39,169,11,305,47,30,14,0,18,17,10,11,48,7,51,150,9,294,227,110,56,29,109,91,35,45,200,24,180,283,15,832,101,84,36,0,48,44,13,27,87,13,88,359,19,686,122,138,34,0,61,39,14,18,179,7,144,728,32,1256,64,110,25,0,36,27,8,7,107,0,94,486,21,860,12,15,4,0,6,5,3,0,13,4,14,92,0,151,4,0,0,0,3,0,0,0,5,0,0,24,133,165,593,522,184,33,304,235,78,111,687,60,617,2294,247,4550,149,61,47,26,69,71,22,37
801011016,..,..,..,..,..,..,..,..,..,..,..,..,..,..,..,..,..,..,..,..,..,..,..,..,..,..,..,..,..,..,..,..,..,..,..,..,..,..,..,..,..,..,..,..,..,..,..,..,..,..,..,..,..,..,..,..,..,..,..,..,..,..,..,..,..,..,24,28,13,0,25,21,6,11,59,3,43,294,18,470,54,55,18,4,36,13,4,16,93,6,67,239,5,458,202,84,70,22,107,91,28,30,139,31,168,476,21,1063,131,74,43,12,70,61,19,27,95,11,98,486,18,900,146,153,60,5,72,63,19,35,161,3,156,952,34,1581,79,135,38,3,45,27,9,3,122,4,150,711,28,1185,23,35,10,0,22,11,4,0,27,0,35,241,3,367,13,4,6,0,4,7,0,4,4,0,9,41,190,268,678,571,243,48,378,297,92,119,694,62,723,3433,322,6295,126,62,44,37,75,77,25,36
801011017,..,..,..,..,..,..,..,..,..,..,..,..,..,..,..,..,..,..,..,..,..,..,..,..,..,..,..,..,..,..,..,..,..,..,..,..,..,..,..,..,..,..,..,..,..,..,..,..,..,..,..,..,..,..,..,..,..,..,..,..,..,..,..,..,..,..,18,12,3,0,10,4,3,4,40,0,22,121,11,220,26,24,13,0,17,8,0,9,34,4,31,112,14,232,116,67,24,10,59,50,9,24,107,13,79,169,13,479,52,48,21,3,20,19,3,20,51,6,53,212,12,400,78,92,32,0,47,33,6,8,95,7,95,424,24,788,46,77,19,0,28,13,6,4,87,0,69,351,17,603,12,16,0,0,6,4,0,0,9,0,11,92,0,135,0,0,0,0,3,0,0,3,0,0,3,8,113,128,345,335,114,15,187,137,36,72,427,29,355,1489,194,2981,66,35,19,10,36,33,9,21
801011018,..,..,..,..,..,..,..,..,..,..,..,..,..,..,..,..,..,..,..,..,..,..,..,..,..,..,..,..,..,..,..,..,..,..,..,..,..,..,..,..,..,..,..,..,..,..,..,..,..,..,..,..,..,..,..,..,..,..,..,..,..,..,..,..,..,..,6,7,0,0,3,0,0,0,4,0,10,142,4,168,0,3,0,0,0,0,0,0,5,0,10,64,0,82,6,19,3,0,5,5,0,3,27,0,19,254,5,319,12,20,3,0,5,0,0,0,28,0,18,251,6,322,9,55,6,0,7,3,0,0,58,0,32,595,17,746,6,51,6,0,12,4,0,0,37,0,39,342,4,476,3,9,8,0,5,0,3,0,9,0,4,73,0,103,0,0,0,0,0,0,0,0,0,0,0,24,147,168,40,166,27,0,39,16,4,3,175,0,132,1739,174,2386,7,6,0,0,3,5,0,0
801011019,..,..,..,..,..,..,..,..,..,..,..,..,..,..,..,..,..,..,..,..,..,..,..,..,..,..,..,..,..,..,..,..,..,..,..,..,..,..,..,..,..,..,..,..,..,..,..,..,..,..,..,..,..,..,..,..,..,..,..,..,..,..,..,..,..,..,23,32,8,0,34,19,9,5,61,0,46,241,8,397,37,39,15,3,18,18,0,12,54,3,36,150,6,297,139,103,46,8,66,67,24,40,144,14,122,340,21,762,90,89,25,0,44,34,4,16,82,7,67,462,15,753,127,189,41,0,75,44,12,20,233,3,178,973,41,1646,81,144,28,4,47,18,4,6,134,3,124,644,26,1101,20,25,7,0,10,6,5,3,28,0,16,138,4,222,6,5,0,0,0,0,0,3,13,0,6,19,131,158,522,622,173,15,294,206,61,104,745,40,589,2968,238,5335,78,65,19,14,63,46,17,33
801011020,..,..,..,..,..,..,..,..,..,..,..,..,..,..,..,..,..,..,..,..,..,..,..,..,..,..,..,..,..,..,..,..,..,..,..,..,..,..,..,..,..,..,..,..,..,..,..,..,..,..,..,..,..,..,..,..,..,..,..,..,..,..,..,..,..,..,5,10,5,0,9,0,0,4,23,0,19,90,3,152,22,29,7,0,12,12,0,0,37,0,36,83,10,188,94,66,27,9,49,46,8,23,76,16,75,199,10,467,53,26,19,0,17,29,5,13,42,10,46,180,9,335,55,67,25,0,14,18,5,6,82,8,67,386,16,634,26,51,18,0,16,17,4,5,66,8,64,295,7,493,13,15,4,0,5,10,0,3,9,0,15,96,4,152,13,3,5,0,0,0,0,6,4,0,5,12,143,169,290,268,112,19,121,131,25,58,340,36,325,1330,202,2595,58,36,10,14,24,38,7,19
801011021,..,..,..,..,..,..,..,..,..,..,..,..,..,..,..,..,..,..,..,..,..,..,..,..,..,..,..,..,..,..,..,..,..,..,..,..,..,..,..,..,..,..,..,..,..,..,..,..,..,..,..,..,..,..,..,..,..,..,..,..,..,..,..,..,..,..,15,11,4,0,3,6,3,0,13,3,23,117,0,173,23,19,4,0,12,8,0,3,20,0,25,96,5,173,80,33,18,13,46,26,6,14,51,8,60,149,13,357,47,18,22,0,28,12,0,3,25,3,28,136,3,269,65,46,13,5,26,22,3,10,47,4,55,318,19,542,61,53,14,0,21,18,0,5,48,0,62,287,13,499,12,14,8,0,14,6,0,0,12,0,15,114,5,174,3,4,0,0,0,4,0,0,0,0,0,17,73,99,305,209,83,16,144,111,25,33,215,19,264,1238,132,2284,52,27,12,16,18,19,3,13
801011022,..,..,..,..,..,..,..,..,..,..,..,..,..,..,..,..,..,..,..,..,..,..,..,..,..,..,..,..,..,..,..,..,..,..,..,..,..,..,..,..,..,..,..,..,..,..,..,..,..,..,..,..,..,..,..,..,..,..,..,..,..,..,..,..,..,..,13,17,0,0,3,0,0,5,28,0,25,105,0,180,25,30,7,0,6,11,0,4,33,7,21,95,0,187,89,53,26,6,54,37,10,22,89,12,79,181,17,433,75,47,17,0,29,26,3,14,50,9,47,160,12,350,67,69,28,0,30,33,6,11,70,0,74,396,12,670,52,72,20,0,18,10,7,4,83,3,65,282,10,533,14,20,0,0,12,0,4,0,17,5,12,113,6,173,3,0,3,0,0,0,0,0,0,0,3,13,84,102,333,307,98,13,155,121,31,52,366,29,324,1347,141,2635,62,31,16,14,24,29,9,23
801011023,..,..,..,..,..,..,..,..,..,..,..,..,..,..,..,..,..,..,..,..,..,..,..,..,..,..,..,..,..,..,..,..,..,..,..,..,..,..,..,..,..,..,..,..,..,..,..,..,..,..,..,..,..,..,..,..,..,..,..,..,..,..,..,..,..,..,17,15,9,4,6,5,9,0,26,0,14,95,6,161,37,11,16,4,11,12,3,8,25,5,20,70,0,157,151,60,32,42,60,57,18,35,83,24,83,181,13,521,78,50,36,20,42,47,13,25,63,7,46,191,4,409,67,66,20,15,42,38,3,14,66,7,70,343,14,602,25,49,14,0,20,12,7,3,62,5,54,248,14,423,10,15,0,0,4,3,0,0,4,0,11,39,0,74,74,5,18,54,19,48,10,8,45,11,88,18,108,226,455,269,134,135,203,222,57,93,381,68,401,1187,155,2572,221,53,42,126,63,111,28,51
801011024,..,..,..,..,..,..,..,..,..,..,..,..,..,..,..,..,..,..,..,..,..,..,..,..,..,..,..,..,..,..,..,..,..,..,..,..,..,..,..,..,..,..,..,..,..,..,..,..,..,..,..,..,..,..,..,..,..,..,..,..,..,..,..,..,..,..,10,16,0,0,7,3,3,7,18,5,24,120,0,192,23,30,6,0,5,4,4,0,35,0,22,97,0,192,79,52,15,4,39,30,16,16,83,11,52,185,10,413,46,29,14,0,19,21,7,5,38,0,37,183,7,328,53,65,18,0,32,23,4,8,85,8,50,367,13,606,33,64,5,0,15,0,4,3,69,0,56,292,12,493,3,8,0,0,4,3,0,0,6,0,6,55,6,84,8,4,0,0,0,0,0,0,0,0,0,19,99,129,260,272,63,7,126,90,33,40,333,22,246,1322,153,2427,44,27,5,6,27,18,10,6
801011025,..,..,..,..,..,..,..,..,..,..,..,..,..,..,..,..,..,..,..,..,..,..,..,..,..,..,..,..,..,..,..,..,..,..,..,..,..,..,..,..,..,..,..,..,..,..,..,..,..,..,..,..,..,..,..,..,..,..,..,..,..,..,..,..,..,..,14,17,8,0,8,3,5,0,19,3,26,74,6,139,26,19,13,3,12,8,3,5,26,0,33,81,9,168,62,45,27,4,56,42,13,13,69,13,54,128,7,346,49,39,15,0,19,14,3,4,40,4,45,123,10,268,63,61,25,0,27,31,8,4,67,5,58,282,16,538,35,55,9,0,18,16,4,0,62,0,43,240,12,416,7,18,0,0,8,12,0,0,14,0,10,69,0,113,0,6,0,0,3,0,0,0,0,0,0,6,72,84,260,244,96,13,143,119,36,32,307,25,269,1004,124,2068,35,21,21,5,28,30,10,15
801011026,..,..,..,..,..,..,..,..,..,..,..,..,..,..,..,..,..,..,..,..,..,..,..,..,..,..,..,..,..,..,..,..,..,..,..,..,..,..,..,..,..,..,..,..,..,..,..,..,..,..,..,..,..,..,..,..,..,..,..,..,..,..,..,..,..,..,10,7,0,0,0,0,0,0,9,0,17,98,3,135,22,27,9,0,12,13,0,3,32,4,24,118,0,204,67,23,9,6,21,21,3,0,28,6,40,141,3,305,36,29,13,4,16,26,6,5,24,0,30,133,8,247,71,42,28,0,26,41,10,16,52,9,68,280,15,509,42,50,20,0,16,26,9,3,57,0,67,304,7,521,28,26,4,0,10,8,4,0,23,0,32,191,12,298,0,0,0,0,0,0,0,0,0,0,0,5,55,63,275,194,82,15,92,131,32,33,220,17,285,1272,104,2276,47,13,13,9,23,37,8,14
801011111,..,..,..,..,..,..,..,..,..,..,..,..,..,..,..,..,..,..,..,..,..,..,..,..,..,..,..,..,..,..,..,..,..,..,..,..,..,..,..,..,..,..,..,..,..,..,..,..,..,..,..,..,..,..,..,..,..,..,..,..,..,..,..,..,..,..,0,0,0,0,0,0,0,0,0,0,0,0,0,0,0,0,0,0,0,0,0,0,0,0,0,0,0,0,0,0,0,0,0,0,0,0,0,0,0,3,0,0,0,0,0,0,0,0,0,0,0,0,0,0,0,0,0,0,0,0,0,0,0,0,0,0,0,0,0,0,0,0,0,0,0,0,0,0,0,0,0,0,0,0,0,0,0,0,0,0,0,0,0,0,0,6,0,6,0,0,0,0,0,0,0,0,0,0,0,0,3,3,0,0,0,0,0,0,0,0,3,0,0,11,3,10,0,0,0,0,0,0,0,0
801011142,..,..,..,..,..,..,..,..,..,..,..,..,..,..,..,..,..,..,..,..,..,..,..,..,..,..,..,..,..,..,..,..,..,..,..,..,..,..,..,..,..,..,..,..,..,..,..,..,..,..,..,..,..,..,..,..,..,..,..,..,..,..,..,..,..,..,0,0,0,0,0,0,0,0,0,0,0,0,0,0,0,0,0,0,0,0,0,0,0,0,0,0,0,0,0,0,0,0,0,0,0,0,0,0,0,0,0,0,0,0,0,0,0,0,0,0,0,0,0,0,0,0,0,0,0,0,0,0,0,0,0,0,0,0,0,0,0,0,0,0,0,0,0,0,0,0,0,0,0,0,0,0,0,0,0,0,0,0,0,0,0,0,0,0,0,0,0,0,0,0,0,0,0,0,0,0,0,0,0,0,0,0,0,0,0,0,0,0,0,0,0,0,0,0,0,0,0,0,0,0
801011143,..,..,..,..,..,..,..,..,..,..,..,..,..,..,..,..,..,..,..,..,..,..,..,..,..,..,..,..,..,..,..,..,..,..,..,..,..,..,..,..,..,..,..,..,..,..,..,..,..,..,..,..,..,..,..,..,..,..,..,..,..,..,..,..,..,..,0,0,0,0,4,0,0,0,3,0,6,30,0,47,0,3,0,0,0,0,0,0,0,0,0,17,0,18,8,5,0,0,5,0,0,0,3,0,5,36,3,51,0,3,0,0,0,0,0,0,7,0,8,58,3,79,0,13,4,0,6,0,0,0,20,0,16,128,8,186,6,12,4,0,9,6,0,0,14,0,17,74,0,124,0,0,0,0,0,0,0,0,0,0,0,16,0,14,0,0,0,0,0,0,0,0,0,0,0,0,16,17,11,42,8,0,22,4,4,8,48,0,43,359,30,541,5,0,0,0,3,0,0,0
801011144,..,..,..,..,..,..,..,..,..,..,..,..,..,..,..,..,..,..,..,..,..,..,..,..,..,..,..,..,..,..,..,..,..,..,..,..,..,..,..,..,..,..,..,..,..,..,..,..,..,..,..,..,..,..,..,..,..,..,..,..,..,..,..,..,..,..,0,0,0,0,0,0,0,0,0,0,0,0,0,0,0,0,0,0,0,0,0,0,0,0,0,0,0,0,0,0,0,0,0,0,0,0,0,0,0,0,0,0,0,0,0,0,0,0,0,0,0,0,0,5,0,5,0,0,0,0,0,0,0,0,0,0,0,8,0,4,0,0,0,0,0,0,0,0,0,0,0,0,0,0,0,0,0,0,0,0,0,0,0,0,0,0,0,0,0,0,0,0,0,0,0,0,0,0,0,0,6,6,0,0,0,0,0,0,0,0,0,0,0,8,6,19,0,0,0,0,0,0,0,0
801031031,..,..,..,..,..,..,..,..,..,..,..,..,..,..,..,..,..,..,..,..,..,..,..,..,..,..,..,..,..,..,..,..,..,..,..,..,..,..,..,..,..,..,..,..,..,..,..,..,..,..,..,..,..,..,..,..,..,..,..,..,..,..,..,..,..,..,0,0,0,0,0,0,0,0,0,0,0,0,0,0,0,0,0,0,0,0,0,0,0,0,0,0,0,0,0,0,0,0,0,0,0,0,0,0,0,0,0,3,0,0,0,0,0,0,0,0,0,0,0,0,0,0,0,0,0,0,0,0,0,0,0,0,0,0,0,3,0,0,0,0,0,0,0,0,0,0,0,4,0,4,0,0,0,0,0,0,0,0,0,0,0,0,0,0,0,0,0,0,0,0,0,0,0,0,0,0,376,376,3,0,0,0,0,0,0,0,3,0,0,5,376,390,0,0,0,0,0,0,0,0
801031032,..,..,..,..,..,..,..,..,..,..,..,..,..,..,..,..,..,..,..,..,..,..,..,..,..,..,..,..,..,..,..,..,..,..,..,..,..,..,..,..,..,..,..,..,..,..,..,..,..,..,..,..,..,..,..,..,..,..,..,..,..,..,..,..,..,..,0,0,0,0,0,0,0,0,0,0,0,0,0,0,0,0,0,0,0,0,0,0,0,0,0,0,0,0,0,0,0,0,0,0,0,0,0,0,0,0,0,0,0,0,0,0,0,0,0,0,0,0,0,6,0,3,0,0,0,0,0,0,0,0,0,0,0,5,0,3,0,0,0,0,0,0,0,0,0,0,0,0,0,0,0,0,0,0,0,0,0,0,0,0,0,0,0,3,0,0,0,0,0,0,0,0,0,0,0,0,3,3,0,0,0,0,0,0,0,0,0,0,0,5,3,22,0,0,0,0,0,0,0,0
801031113,..,..,..,..,..,..,..,..,..,..,..,..,..,..,..,..,..,..,..,..,..,..,..,..,..,..,..,..,..,..,..,..,..,..,..,..,..,..,..,..,..,..,..,..,..,..,..,..,..,..,..,..,..,..,..,..,..,..,..,..,..,..,..,..,..,..,3,3,0,0,0,0,0,0,0,0,5,29,0,41,8,4,4,0,3,0,0,0,8,0,9,24,0,45,68,29,14,3,34,14,15,31,65,13,45,57,6,228,15,14,3,0,9,6,0,0,13,3,8,69,7,131,22,18,6,0,7,3,0,0,23,0,21,108,7,168,0,9,0,0,0,0,0,0,6,0,6,52,0,74,0,0,5,0,0,0,0,0,0,0,3,9,0,14,3,0,0,0,0,0,0,3,6,3,0,6,291,300,112,77,28,6,60,34,19,37,115,19,95,348,312,988,28,10,0,3,15,8,4,6
801031114,..,..,..,..,..,..,..,..,..,..,..,..,..,..,..,..,..,..,..,..,..,..,..,..,..,..,..,..,..,..,..,..,..,..,..,..,..,..,..,..,..,..,..,..,..,..,..,..,..,..,..,..,..,..,..,..,..,..,..,..,..,..,..,..,..,..,0,0,0,0,0,0,0,0,0,0,0,4,0,6,0,0,0,0,0,0,0,0,0,0,0,0,0,0,0,0,0,0,0,0,0,0,0,0,0,7,0,10,0,0,0,0,0,0,0,0,0,0,0,8,0,12,0,5,0,0,0,0,0,0,6,0,0,18,0,35,3,3,0,0,0,0,0,0,0,0,0,8,0,16,0,0,0,0,0,0,0,0,0,0,0,0,0,0,0,0,0,0,0,0,0,0,0,0,0,0,27,27,4,13,0,0,0,0,0,0,7,0,4,60,28,103,0,0,0,0,0,0,0,0
801031115,..,..,..,..,..,..,..,..,..,..,..,..,..,..,..,..,..,..,..,..,..,..,..,..,..,..,..,..,..,..,..,..,..,..,..,..,..,..,..,..,..,..,..,..,..,..,..,..,..,..,..,..,..,..,..,..,..,..,..,..,..,..,..,..,..,..,4,3,0,0,6,0,0,3,0,0,0,3,0,16,4,0,0,0,0,0,0,0,0,0,5,8,0,13,0,0,0,0,0,0,0,0,0,0,4,14,0,21,4,0,0,0,0,0,0,0,0,0,0,17,0,24,7,6,0,0,3,0,0,0,3,0,9,92,0,103,0,0,0,0,0,0,0,0,4,0,5,8,0,19,0,0,0,0,0,0,0,0,0,0,0,12,0,18,0,0,0,0,0,0,0,0,0,0,0,3,51,55,23,9,4,0,5,4,0,3,7,8,20,162,57,270,0,0,0,0,0,0,0,0
801041034,..,..,..,..,..,..,..,..,..,..,..,..,..,..,..,..,..,..,..,..,..,..,..,..,..,..,..,..,..,..,..,..,..,..,..,..,..,..,..,..,..,..,..,..,..,..,..,..,..,..,..,..,..,..,..,..,..,..,..,..,..,..,..,..,..,..,14,44,8,0,22,4,0,0,43,6,31,262,16,404,30,47,5,3,13,18,8,10,64,0,47,225,12,404,85,57,33,9,38,40,12,21,104,11,86,271,20,576,54,54,16,4,28,23,14,0,67,6,58,331,10,559,107,131,31,3,42,27,7,14,116,9,110,728,24,1169,78,117,36,0,59,34,9,5,115,3,138,665,34,1131,32,35,15,0,8,9,5,8,23,4,41,212,4,342,12,3,0,0,0,0,0,0,3,0,9,21,130,166,416,480,133,16,222,157,47,56,543,42,530,2721,246,4749,60,38,19,8,32,33,13,18
801041035,..,..,..,..,..,..,..,..,..,..,..,..,..,..,..,..,..,..,..,..,..,..,..,..,..,..,..,..,..,..,..,..,..,..,..,..,..,..,..,..,..,..,..,..,..,..,..,..,..,..,..,..,..,..,..,..,..,..,..,..,..,..,..,..,..,..,23,36,5,6,29,14,7,0,35,4,37,372,6,527,22,24,3,0,19,7,4,0,47,5,33,220,5,330,65,52,13,3,43,22,12,12,77,4,69,343,16,578,34,45,3,0,25,15,0,0,45,0,42,474,23,653,52,137,15,0,71,19,4,9,164,5,120,1005,24,1462,58,105,13,0,49,24,6,6,117,7,105,725,21,1104,16,14,0,0,20,5,5,0,25,0,31,211,3,312,0,0,0,3,4,3,0,0,0,0,0,43,184,242,281,418,61,9,255,106,39,36,515,23,441,3396,285,5200,50,36,8,6,31,21,9,10
801041036,..,..,..,..,..,..,..,..,..,..,..,..,..,..,..,..,..,..,..,..,..,..,..,..,..,..,..,..,..,..,..,..,..,..,..,..,..,..,..,..,..,..,..,..,..,..,..,..,..,..,..,..,..,..,..,..,..,..,..,..,..,..,..,..,..,..,13,21,9,0,19,7,4,0,44,4,26,267,4,382,13,22,4,0,14,0,0,3,41,0,31,163,6,258,51,42,18,6,38,22,6,10,74,6,49,274,11,470,28,45,11,0,16,14,9,4,63,0,47,398,10,553,75,129,21,0,49,25,13,12,151,0,127,954,41,1432,72,129,17,0,48,13,3,5,138,5,118,752,19,1181,16,32,4,0,14,6,4,0,30,0,42,225,6,360,5,5,0,0,0,0,0,0,0,0,3,26,125,159,276,420,80,5,194,95,38,46,541,20,439,3058,222,4797,32,32,10,6,18,6,9,7
801041037,..,..,..,..,..,..,..,..,..,..,..,..,..,..,..,..,..,..,..,..,..,..,..,..,..,..,..,..,..,..,..,..,..,..,..,..,..,..,..,..,..,..,..,..,..,..,..,..,..,..,..,..,..,..,..,..,..,..,..,..,..,..,..,..,..,..,19,18,8,0,11,6,4,0,26,0,19,218,13,312,22,20,7,0,8,9,0,5,15,4,33,109,5,197,56,35,18,7,16,25,9,6,42,7,50,203,5,363,31,26,15,0,25,21,8,7,38,0,37,251,12,396,59,72,13,0,40,24,7,8,74,9,82,661,20,946,40,107,15,0,24,12,0,5,53,0,88,655,20,955,10,29,4,0,9,3,0,0,18,5,27,257,8,348,0,0,0,0,0,0,0,0,0,0,0,19,71,96,238,305,79,16,142,98,32,25,277,15,338,2369,152,3607,26,26,11,11,6,12,9,3
801041038,..,..,..,..,..,..,..,..,..,..,..,..,..,..,..,..,..,..,..,..,..,..,..,..,..,..,..,..,..,..,..,..,..,..,..,..,..,..,..,..,..,..,..,..,..,..,..,..,..,..,..,..,..,..,..,..,..,..,..,..,..,..,..,..,..,..,12,24,0,0,8,7,0,0,25,0,24,176,13,270,10,12,5,3,9,5,0,0,15,0,18,146,9,210,44,26,10,3,27,21,4,7,39,5,35,159,10,294,18,22,0,0,7,4,0,6,21,3,24,207,4,295,51,73,14,0,33,26,5,3,61,7,78,446,13,705,63,94,21,0,32,20,3,3,85,6,98,604,20,931,30,31,3,0,9,10,0,0,30,0,37,289,10,415,0,0,0,0,0,0,0,0,0,0,6,11,107,122,228,289,57,3,122,90,14,19,280,16,320,2042,176,3252,34,20,4,7,21,13,0,7
801041039,..,..,..,..,..,..,..,..,..,..,..,..,..,..,..,..,..,..,..,..,..,..,..,..,..,..,..,..,..,..,..,..,..,..,..,..,..,..,..,..,..,..,..,..,..,..,..,..,..,..,..,..,..,..,..,..,..,..,..,..,..,..,..,..,..,..,19,25,3,0,27,10,0,0,39,5,34,430,7,560,6,23,9,0,21,3,7,4,40,0,44,221,3,340,32,50,12,8,37,14,3,9,87,10,65,546,7,783,15,45,16,0,26,8,3,3,69,3,47,682,18,867,39,115,20,0,63,25,6,3,141,3,110,1224,33,1635,56,94,21,0,53,20,6,5,109,0,114,805,17,1166,14,27,3,0,14,3,0,0,20,0,28,240,6,342,0,0,0,0,0,0,0,0,0,0,0,47,211,266,185,379,77,12,240,77,29,28,504,19,442,4202,311,5971,26,20,10,14,30,11,8,12
801041040,..,..,..,..,..,..,..,..,..,..,..,..,..,..,..,..,..,..,..,..,..,..,..,..,..,..,..,..,..,..,..,..,..,..,..,..,..,..,..,..,..,..,..,..,..,..,..,..,..,..,..,..,..,..,..,..,..,..,..,..,..,..,..,..,..,..,32,33,13,3,23,10,3,5,51,0,52,515,15,682,12,40,12,3,13,5,0,9,55,5,49,285,11,443,97,69,27,7,59,46,12,23,133,7,98,655,25,1041,58,66,15,0,33,18,8,5,117,0,58,857,27,1139,78,152,24,3,52,25,11,13,221,3,164,1456,38,2016,66,114,26,0,34,15,8,7,124,0,110,814,35,1216,28,40,4,0,15,6,0,0,28,0,32,244,4,377,5,6,0,0,0,0,0,0,4,0,3,44,246,302,373,521,117,18,230,130,48,66,729,25,562,4871,397,7213,61,39,16,15,34,27,10,22
801041043,..,..,..,..,..,..,..,..,..,..,..,..,..,..,..,..,..,..,..,..,..,..,..,..,..,..,..,..,..,..,..,..,..,..,..,..,..,..,..,..,..,..,..,..,..,..,..,..,..,..,..,..,..,..,..,..,..,..,..,..,..,..,..,..,..,..,0,5,0,0,0,0,0,0,0,0,0,11,0,18,8,3,3,0,0,4,0,3,3,0,3,10,0,27,7,6,6,0,0,3,0,4,3,0,4,18,0,40,6,3,7,0,5,4,3,0,0,0,0,10,0,26,6,9,0,0,0,5,0,4,3,0,0,36,0,58,3,5,0,0,0,0,4,0,0,0,13,22,0,44,0,3,3,0,0,0,0,0,3,0,5,20,0,33,0,0,0,0,0,0,0,0,0,0,0,0,7,10,35,32,25,0,12,15,6,6,23,0,28,132,13,251,9,6,6,0,4,3,0,7
801041044,..,..,..,..,..,..,..,..,..,..,..,..,..,..,..,..,..,..,..,..,..,..,..,..,..,..,..,..,..,..,..,..,..,..,..,..,..,..,..,..,..,..,..,..,..,..,..,..,..,..,..,..,..,..,..,..,..,..,..,..,..,..,..,..,..,..,19,29,7,0,28,7,4,0,37,0,42,466,8,611,18,22,6,0,15,7,0,0,40,0,41,254,12,374,56,69,12,0,29,16,8,9,108,8,72,462,22,735,36,59,16,4,21,22,5,6,68,3,57,621,8,831,46,126,24,0,53,28,7,13,163,3,138,1161,28,1618,78,119,13,0,52,15,3,0,122,6,151,979,24,1437,26,44,10,0,17,9,0,0,31,0,50,337,9,497,4,0,0,0,4,0,0,0,3,0,0,44,189,247,273,471,82,8,214,110,32,26,574,25,551,4326,310,6354,28,32,9,6,24,12,0,3
801041045,..,..,..,..,..,..,..,..,..,..,..,..,..,..,..,..,..,..,..,..,..,..,..,..,..,..,..,..,..,..,..,..,..,..,..,..,..,..,..,..,..,..,..,..,..,..,..,..,..,..,..,..,..,..,..,..,..,..,..,..,..,..,..,..,..,..,0,0,0,0,0,0,0,0,0,0,0,0,0,0,0,0,0,0,0,0,0,0,0,0,0,0,0,0,0,0,0,0,0,0,0,0,0,0,0,3,0,3,0,0,0,0,0,0,0,0,0,0,0,0,0,0,0,0,0,0,0,0,0,0,0,0,0,0,0,0,0,0,0,0,0,0,0,0,0,0,0,0,0,0,0,0,0,0,0,0,0,0,0,0,0,0,0,0,0,0,0,0,0,0,0,0,0,0,0,0,0,0,0,0,0,0,0,0,0,0,0,0,0,3,0,6,0,0,0,0,0,0,0,0
801041046,..,..,..,..,..,..,..,..,..,..,..,..,..,..,..,..,..,..,..,..,..,..,..,..,..,..,..,..,..,..,..,..,..,..,..,..,..,..,..,..,..,..,..,..,..,..,..,..,..,..,..,..,..,..,..,..,..,..,..,..,..,..,..,..,..,..,42,53,11,3,41,13,8,8,97,4,61,389,18,636,52,83,12,0,36,19,6,14,97,12,63,316,16,568,264,154,68,10,151,105,34,63,236,31,205,584,32,1370,150,120,41,4,65,54,24,20,141,8,111,667,23,1139,194,261,52,3,127,59,13,27,310,15,235,1519,65,2483,124,251,34,0,80,43,18,7,238,3,200,1021,24,1722,33,32,17,0,15,7,3,0,35,4,40,208,7,353,7,5,0,0,9,6,3,0,7,0,10,30,256,315,870,954,239,28,519,292,102,142,1161,72,918,4732,438,8585,146,87,31,19,78,55,21,48
801041047,..,..,..,..,..,..,..,..,..,..,..,..,..,..,..,..,..,..,..,..,..,..,..,..,..,..,..,..,..,..,..,..,..,..,..,..,..,..,..,..,..,..,..,..,..,..,..,..,..,..,..,..,..,..,..,..,..,..,..,..,..,..,..,..,..,..,18,18,8,5,20,19,5,7,44,0,56,268,12,418,33,43,15,0,24,13,4,8,46,5,55,289,13,489,135,72,56,7,75,60,18,35,88,21,98,329,28,711,91,42,30,4,43,37,9,10,51,9,66,346,14,618,145,112,57,0,69,51,22,24,118,11,140,787,29,1321,95,108,39,0,64,29,16,9,95,5,123,737,32,1183,58,48,21,0,33,28,4,12,32,3,75,424,15,673,4,5,0,0,0,5,0,0,5,0,11,16,87,120,581,456,218,21,331,237,77,101,477,57,615,3197,232,5535,68,43,19,15,42,37,12,25
801041048,..,..,..,..,..,..,..,..,..,..,..,..,..,..,..,..,..,..,..,..,..,..,..,..,..,..,..,..,..,..,..,..,..,..,..,..,..,..,..,..,..,..,..,..,..,..,..,..,..,..,..,..,..,..,..,..,..,..,..,..,..,..,..,..,..,..,16,34,0,0,26,8,4,0,52,6,37,219,6,346,28,34,7,3,14,9,5,4,49,9,36,188,9,326,141,72,42,11,69,53,18,23,100,17,123,304,17,688,55,54,20,3,22,16,7,13,66,0,64,347,18,589,72,122,22,5,63,38,8,8,137,3,106,706,33,1134,76,107,27,0,41,26,7,12,108,0,98,572,14,951,14,25,6,0,12,4,0,4,24,0,25,158,9,257,0,3,0,0,3,3,0,0,4,0,0,22,132,159,398,456,132,22,250,154,43,68,543,41,495,2510,231,4447,75,49,19,17,38,45,12,18
801041116,..,..,..,..,..,..,..,..,..,..,..,..,..,..,..,..,..,..,..,..,..,..,..,..,..,..,..,..,..,..,..,..,..,..,..,..,..,..,..,..,..,..,..,..,..,..,..,..,..,..,..,..,..,..,..,..,..,..,..,..,..,..,..,..,..,..,0,0,0,0,0,0,0,0,0,0,0,0,0,0,0,0,0,0,0,0,0,0,0,0,0,0,0,0,0,0,0,0,0,0,0,0,0,0,0,0,0,0,0,0,0,0,0,0,0,0,0,0,0,0,0,0,0,0,0,0,0,0,0,0,0,0,0,0,0,0,0,0,0,0,0,0,0,0,0,0,0,0,0,0,0,0,0,0,0,0,0,0,0,0,0,0,0,0,0,0,0,0,0,0,0,0,0,0,0,0,0,0,0,0,0,0,0,0,0,0,0,0,0,0,0,0,0,0,0,0,0,0,0,0
801041117,..,..,..,..,..,..,..,..,..,..,..,..,..,..,..,..,..,..,..,..,..,..,..,..,..,..,..,..,..,..,..,..,..,..,..,..,..,..,..,..,..,..,..,..,..,..,..,..,..,..,..,..,..,..,..,..,..,..,..,..,..,..,..,..,..,..,0,0,0,0,0,0,0,0,0,0,0,0,0,0,0,0,0,0,0,0,0,0,0,0,0,0,0,0,0,0,0,0,0,0,0,0,0,0,0,0,0,0,0,0,0,0,0,0,0,0,0,0,0,0,0,0,0,0,0,0,0,0,0,0,0,0,0,0,0,0,0,0,0,0,0,0,0,0,0,0,0,0,0,0,0,0,0,0,0,0,0,0,0,0,0,0,0,0,0,0,0,0,0,0,0,0,0,0,0,0,0,0,0,0,0,0,0,0,0,0,0,0,0,0,0,0,0,0,0,0,0,0,0,0
801041118,..,..,..,..,..,..,..,..,..,..,..,..,..,..,..,..,..,..,..,..,..,..,..,..,..,..,..,..,..,..,..,..,..,..,..,..,..,..,..,..,..,..,..,..,..,..,..,..,..,..,..,..,..,..,..,..,..,..,..,..,..,..,..,..,..,..,0,0,0,0,0,0,0,0,3,0,3,25,0,39,0,3,0,0,9,0,0,0,8,0,0,23,0,35,3,7,0,0,5,6,4,0,13,0,9,33,0,56,0,3,0,0,3,0,0,0,5,0,5,53,0,73,9,12,4,0,9,3,0,0,17,0,20,121,3,168,5,4,4,0,6,3,0,0,4,0,13,62,3,88,0,0,0,0,0,0,0,0,0,0,0,11,0,13,0,0,0,0,4,0,0,0,0,0,0,3,17,19,22,34,3,0,26,12,8,3,49,0,53,324,27,492,3,5,0,0,0,3,0,0
801041119,..,..,..,..,..,..,..,..,..,..,..,..,..,..,..,..,..,..,..,..,..,..,..,..,..,..,..,..,..,..,..,..,..,..,..,..,..,..,..,..,..,..,..,..,..,..,..,..,..,..,..,..,..,..,..,..,..,..,..,..,..,..,..,..,..,..,0,0,0,0,0,0,0,0,0,0,0,0,0,0,0,0,0,0,0,0,0,0,0,0,0,0,0,0,0,0,0,0,0,0,0,0,0,0,0,0,0,0,0,0,0,0,0,0,0,0,0,0,0,0,0,0,0,0,0,0,0,0,0,0,0,0,0,0,0,0,0,0,0,0,0,0,0,0,0,0,0,0,0,0,0,0,0,0,0,0,0,0,0,0,0,0,0,0,0,0,0,0,0,0,0,0,0,0,0,0,7,7,0,0,0,0,0,0,0,0,0,0,3,4,7,16,0,0,0,0,0,0,0,0
801041120,..,..,..,..,..,..,..,..,..,..,..,..,..,..,..,..,..,..,..,..,..,..,..,..,..,..,..,..,..,..,..,..,..,..,..,..,..,..,..,..,..,..,..,..,..,..,..,..,..,..,..,..,..,..,..,..,..,..,..,..,..,..,..,..,..,..,9,13,5,0,16,5,0,5,28,3,20,278,5,368,10,21,3,0,8,4,3,0,24,0,23,152,0,220,26,29,7,0,20,11,3,13,56,3,36,206,9,345,22,33,7,0,20,10,5,4,32,0,31,319,7,442,34,97,9,0,45,10,3,6,104,5,79,844,29,1168,35,84,12,0,20,9,6,3,68,0,76,576,14,820,4,20,0,0,6,0,0,0,14,0,18,126,0,183,0,0,0,0,0,0,0,0,0,0,0,24,140,165,148,307,44,0,134,50,20,28,331,12,285,2518,210,3713,26,23,4,0,20,13,0,9
801041121,..,..,..,..,..,..,..,..,..,..,..,..,..,..,..,..,..,..,..,..,..,..,..,..,..,..,..,..,..,..,..,..,..,..,..,..,..,..,..,..,..,..,..,..,..,..,..,..,..,..,..,..,..,..,..,..,..,..,..,..,..,..,..,..,..,..,0,8,5,0,12,3,0,0,7,0,11,123,4,165,5,13,5,0,5,0,0,3,6,0,12,44,6,81,22,20,5,0,13,9,3,10,26,4,30,128,3,193,8,12,0,0,6,5,0,0,15,0,9,180,5,226,9,21,3,0,12,0,6,0,20,0,28,384,3,458,14,19,3,0,17,3,4,0,16,0,21,201,10,290,0,0,0,0,4,0,0,0,3,0,6,58,0,68,0,0,0,0,0,0,0,0,7,0,0,22,67,98,67,86,15,5,67,27,9,8,99,9,109,1143,103,1582,12,15,4,5,11,9,3,6
801041122,..,..,..,..,..,..,..,..,..,..,..,..,..,..,..,..,..,..,..,..,..,..,..,..,..,..,..,..,..,..,..,..,..,..,..,..,..,..,..,..,..,..,..,..,..,..,..,..,..,..,..,..,..,..,..,..,..,..,..,..,..,..,..,..,..,..,7,9,0,0,4,0,0,0,10,4,9,137,4,168,0,9,0,0,6,0,0,0,12,0,8,48,3,72,9,11,6,0,8,5,0,0,14,0,13,109,6,167,6,12,0,0,8,5,5,0,16,0,16,164,0,202,13,28,0,0,12,9,4,4,32,0,20,354,7,447,19,34,3,0,18,3,0,4,23,0,33,320,5,426,4,10,0,0,8,0,0,4,6,0,9,109,0,147,0,0,0,0,0,0,0,0,0,0,0,10,48,58,59,109,13,4,57,23,4,11,107,9,117,1250,74,1687,10,6,3,0,4,5,0,0
801051049,..,..,..,..,..,..,..,..,..,..,..,..,..,..,..,..,..,..,..,..,..,..,..,..,..,..,..,..,..,..,..,..,..,..,..,..,..,..,..,..,..,..,..,..,..,..,..,..,..,..,..,..,..,..,..,..,..,..,..,..,..,..,..,..,..,..,0,38,0,0,0,0,0,0,74,0,25,353,4,474,3,89,0,0,4,0,0,0,163,0,75,558,17,845,0,92,5,0,3,4,0,0,118,0,53,549,9,784,0,13,0,0,0,0,0,0,25,0,12,121,0,156,0,6,0,0,0,0,0,0,12,0,0,46,0,60,0,0,0,0,0,0,0,0,4,0,0,20,0,20,0,3,0,0,0,0,0,0,0,0,5,8,0,9,0,0,0,0,0,0,0,0,0,0,0,7,492,492,9,245,0,0,11,3,3,5,388,0,163,1655,515,2844,0,3,0,0,0,0,0,0
801051050,..,..,..,..,..,..,..,..,..,..,..,..,..,..,..,..,..,..,..,..,..,..,..,..,..,..,..,..,..,..,..,..,..,..,..,..,..,..,..,..,..,..,..,..,..,..,..,..,..,..,..,..,..,..,..,..,..,..,..,..,..,..,..,..,..,..,9,19,4,4,6,0,0,4,28,0,22,134,8,213,24,26,13,3,15,11,0,3,58,0,38,189,13,335,163,100,36,17,63,63,18,43,180,31,139,302,19,800,70,44,19,9,22,31,15,19,68,4,48,218,14,446,102,107,54,8,30,42,9,17,140,12,135,451,21,906,79,108,38,4,35,29,6,14,105,0,134,551,20,940,46,60,20,0,18,10,8,7,49,0,70,342,14,561,13,6,0,81,18,21,0,3,50,10,66,26,154,283,504,468,179,127,201,207,63,100,677,68,654,2203,265,4481,104,41,30,113,60,66,19,27
801051051,..,..,..,..,..,..,..,..,..,..,..,..,..,..,..,..,..,..,..,..,..,..,..,..,..,..,..,..,..,..,..,..,..,..,..,..,..,..,..,..,..,..,..,..,..,..,..,..,..,..,..,..,..,..,..,..,..,..,..,..,..,..,..,..,..,..,8,23,6,0,5,7,0,0,30,0,18,193,0,265,16,19,5,0,9,8,3,8,37,4,28,122,4,222,55,64,17,5,14,22,5,17,116,11,75,350,13,633,20,42,8,0,10,9,7,6,96,3,43,357,3,538,59,201,19,0,23,25,4,10,283,4,198,1166,37,1825,71,209,26,0,31,26,5,7,231,3,153,1059,38,1682,23,62,11,0,11,19,0,4,47,0,53,353,11,540,0,0,4,0,0,0,0,0,0,0,4,34,310,349,264,614,97,12,105,117,25,48,848,24,566,3633,418,6051,30,21,9,10,19,18,0,12
801051053,..,..,..,..,..,..,..,..,..,..,..,..,..,..,..,..,..,..,..,..,..,..,..,..,..,..,..,..,..,..,..,..,..,..,..,..,..,..,..,..,..,..,..,..,..,..,..,..,..,..,..,..,..,..,..,..,..,..,..,..,..,..,..,..,..,..,3,18,5,0,5,3,0,0,44,0,16,384,10,477,8,35,3,0,0,7,0,0,49,0,29,289,4,398,15,68,7,3,10,13,6,7,120,8,58,461,4,693,12,28,3,0,5,0,4,0,52,0,28,301,8,404,38,78,15,6,14,14,3,6,117,0,86,705,10,993,29,72,14,0,19,5,6,6,86,3,69,562,8,794,25,45,14,0,5,8,4,3,32,0,31,267,3,388,0,0,0,0,0,0,0,0,0,0,0,17,531,545,133,344,65,9,63,52,10,17,497,18,324,2979,569,4686,16,4,5,8,3,10,0,8
801051054,..,..,..,..,..,..,..,..,..,..,..,..,..,..,..,..,..,..,..,..,..,..,..,..,..,..,..,..,..,..,..,..,..,..,..,..,..,..,..,..,..,..,..,..,..,..,..,..,..,..,..,..,..,..,..,..,..,..,..,..,..,..,..,..,..,..,3,10,3,0,4,0,0,0,11,0,6,117,3,153,10,16,8,0,0,8,0,6,23,0,16,106,3,170,42,54,17,10,22,16,3,11,91,11,48,231,4,438,26,39,4,0,11,7,0,3,60,4,34,194,9,321,33,79,13,0,15,13,8,8,129,0,66,536,11,811,31,75,19,0,6,4,0,0,76,0,60,430,15,644,14,21,4,0,8,6,0,0,26,0,16,139,6,219,0,0,0,0,0,0,0,0,0,0,0,14,94,112,161,283,62,8,69,63,12,29,407,22,244,1768,142,2863,30,12,8,4,14,20,6,4
801051055,..,..,..,..,..,..,..,..,..,..,..,..,..,..,..,..,..,..,..,..,..,..,..,..,..,..,..,..,..,..,..,..,..,..,..,..,..,..,..,..,..,..,..,..,..,..,..,..,..,..,..,..,..,..,..,..,..,..,..,..,..,..,..,..,..,..,5,12,3,0,0,9,3,0,37,0,22,131,13,211,24,28,5,7,13,7,4,0,44,3,20,126,4,241,102,65,15,3,51,48,12,31,117,16,96,293,17,627,49,31,17,0,17,22,8,11,51,4,42,257,16,441,74,80,25,3,28,21,12,10,128,9,94,520,18,866,47,84,19,0,12,16,3,8,77,0,55,479,14,735,14,24,10,0,9,4,0,0,20,0,17,171,7,253,3,4,0,0,0,0,0,0,0,0,0,13,125,148,327,323,92,16,130,124,43,64,478,29,350,1990,213,3530,62,24,10,12,27,27,13,19
801051056,..,..,..,..,..,..,..,..,..,..,..,..,..,..,..,..,..,..,..,..,..,..,..,..,..,..,..,..,..,..,..,..,..,..,..,..,..,..,..,..,..,..,..,..,..,..,..,..,..,..,..,..,..,..,..,..,..,..,..,..,..,..,..,..,..,..,5,11,0,0,7,3,0,0,24,0,15,101,6,158,17,26,5,0,11,8,3,7,37,3,22,109,0,193,55,24,20,8,26,35,12,25,65,15,54,147,14,367,48,21,15,4,15,14,4,8,42,9,30,127,5,263,63,59,28,0,20,31,5,11,75,7,76,284,12,540,50,50,21,0,13,14,11,10,79,5,83,359,19,615,30,25,15,0,8,5,6,0,27,0,34,195,10,322,0,0,0,0,0,0,0,0,0,0,0,16,86,105,268,220,104,18,101,111,44,54,341,31,314,1334,150,2556,49,17,11,12,17,27,7,9
801051057,..,..,..,..,..,..,..,..,..,..,..,..,..,..,..,..,..,..,..,..,..,..,..,..,..,..,..,..,..,..,..,..,..,..,..,..,..,..,..,..,..,..,..,..,..,..,..,..,..,..,..,..,..,..,..,..,..,..,..,..,..,..,..,..,..,..,17,12,8,4,6,3,0,0,29,3,28,172,4,253,17,31,9,3,9,10,9,6,59,4,39,154,7,282,145,90,33,24,68,60,27,44,165,30,120,379,20,834,64,60,19,8,27,38,15,16,87,8,58,374,14,636,96,126,36,10,36,22,6,12,168,8,157,839,29,1330,65,124,21,0,29,14,0,11,144,5,105,637,19,1052,31,33,14,0,20,7,0,3,34,3,35,219,9,344,28,7,9,84,21,31,5,12,48,16,4,28,189,320,465,488,145,141,210,186,61,103,732,74,542,2801,279,5053,128,51,39,133,70,84,31,44
801051058,..,..,..,..,..,..,..,..,..,..,..,..,..,..,..,..,..,..,..,..,..,..,..,..,..,..,..,..,..,..,..,..,..,..,..,..,..,..,..,..,..,..,..,..,..,..,..,..,..,..,..,..,..,..,..,..,..,..,..,..,..,..,..,..,..,..,13,21,4,0,12,11,0,9,54,0,36,198,8,315,27,34,11,6,12,14,3,5,69,4,42,222,16,378,110,97,26,14,48,49,22,26,180,15,123,371,26,801,74,53,16,3,20,20,5,13,96,6,74,306,8,553,105,91,42,4,36,44,10,16,138,6,134,660,21,1116,70,112,49,0,25,24,11,8,98,3,131,630,27,1044,49,59,24,0,21,14,0,7,43,0,57,410,12,624,5,0,0,0,0,0,0,0,0,0,4,15,134,161,454,466,162,32,161,177,51,72,679,37,593,2816,254,5002,78,38,26,25,36,49,16,23
801051060,..,..,..,..,..,..,..,..,..,..,..,..,..,..,..,..,..,..,..,..,..,..,..,..,..,..,..,..,..,..,..,..,..,..,..,..,..,..,..,..,..,..,..,..,..,..,..,..,..,..,..,..,..,..,..,..,..,..,..,..,..,..,..,..,..,..,10,18,6,0,7,9,0,0,23,0,15,141,4,201,15,17,5,0,8,10,3,3,34,0,24,132,4,218,52,66,21,6,34,28,7,14,116,4,73,275,4,538,21,32,9,0,14,6,0,3,68,3,47,238,3,386,56,120,27,3,27,26,5,13,184,0,128,734,26,1186,64,114,32,0,23,23,7,0,122,4,105,634,26,1036,23,30,14,0,9,9,0,6,28,3,34,279,7,405,5,0,0,0,0,0,0,0,0,0,0,15,125,146,244,385,114,8,120,103,24,36,589,18,428,2448,203,4124,37,17,13,7,17,15,0,3
801051061,..,..,..,..,..,..,..,..,..,..,..,..,..,..,..,..,..,..,..,..,..,..,..,..,..,..,..,..,..,..,..,..,..,..,..,..,..,..,..,..,..,..,..,..,..,..,..,..,..,..,..,..,..,..,..,..,..,..,..,..,..,..,..,..,..,..,10,26,7,0,8,6,0,4,43,5,23,175,11,279,32,46,5,0,13,9,0,9,59,7,44,179,3,330,134,94,40,12,46,39,11,35,144,7,105,340,9,745,64,64,17,3,23,21,4,10,104,5,82,374,16,649,77,151,34,0,40,32,7,14,188,3,168,757,22,1317,90,153,33,0,32,20,9,4,187,0,161,864,24,1400,31,37,8,0,10,10,6,4,36,4,49,309,7,464,0,9,0,0,5,0,0,0,7,0,5,19,180,210,427,584,146,20,173,140,38,76,772,35,636,3022,280,5388,89,57,24,16,42,39,9,32
801051123,..,..,..,..,..,..,..,..,..,..,..,..,..,..,..,..,..,..,..,..,..,..,..,..,..,..,..,..,..,..,..,..,..,..,..,..,..,..,..,..,..,..,..,..,..,..,..,..,..,..,..,..,..,..,..,..,..,..,..,..,..,..,..,..,..,..,0,0,0,0,0,0,0,0,0,0,0,0,0,0,0,0,0,0,0,0,0,0,0,0,0,0,0,0,0,0,0,0,0,0,0,0,0,0,0,0,0,0,0,0,0,0,0,0,0,0,0,0,0,0,0,0,0,0,0,0,0,0,0,0,0,0,0,0,0,0,0,0,0,0,0,0,0,0,0,0,0,0,0,0,0,0,0,0,0,0,0,0,0,0,0,0,0,0,0,0,0,0,0,0,0,0,0,0,0,0,0,0,0,0,0,0,0,0,0,0,0,0,0,0,0,0,0,0,0,0,0,0,0,0
801051124,..,..,..,..,..,..,..,..,..,..,..,..,..,..,..,..,..,..,..,..,..,..,..,..,..,..,..,..,..,..,..,..,..,..,..,..,..,..,..,..,..,..,..,..,..,..,..,..,..,..,..,..,..,..,..,..,..,..,..,..,..,..,..,..,..,..,10,13,4,3,6,6,4,0,21,0,20,129,0,195,13,18,8,0,3,3,0,0,34,0,24,131,10,211,62,49,12,7,24,22,10,5,75,10,38,224,11,422,44,28,14,9,3,16,3,4,37,4,31,218,7,350,80,61,48,7,20,26,4,10,105,5,106,566,19,901,79,97,39,0,24,32,11,7,83,0,120,606,26,977,43,52,27,4,13,20,4,5,38,5,68,446,19,675,4,0,0,0,0,5,0,0,4,0,3,15,235,261,327,326,146,29,94,127,33,37,387,30,411,2338,331,4004,44,12,10,18,7,21,0,4
801051125,..,..,..,..,..,..,..,..,..,..,..,..,..,..,..,..,..,..,..,..,..,..,..,..,..,..,..,..,..,..,..,..,..,..,..,..,..,..,..,..,..,..,..,..,..,..,..,..,..,..,..,..,..,..,..,..,..,..,..,..,..,..,..,..,..,..,0,0,0,0,0,0,0,0,0,0,0,17,0,21,0,0,0,0,0,0,0,0,0,0,0,51,0,50,0,3,0,0,0,0,0,0,0,0,0,51,0,59,4,23,0,0,0,0,0,0,12,0,15,645,19,709,8,28,0,0,0,0,0,0,19,0,19,428,9,499,12,5,3,0,0,4,0,0,14,0,6,122,0,152,0,0,0,0,0,0,0,0,0,0,0,18,0,22,0,0,0,0,0,0,0,0,0,0,0,7,345,351,18,68,9,0,0,3,0,0,51,0,37,1332,367,1857,3,0,0,0,0,0,0,0
801051126,..,..,..,..,..,..,..,..,..,..,..,..,..,..,..,..,..,..,..,..,..,..,..,..,..,..,..,..,..,..,..,..,..,..,..,..,..,..,..,..,..,..,..,..,..,..,..,..,..,..,..,..,..,..,..,..,..,..,..,..,..,..,..,..,..,..,0,0,0,0,0,0,0,0,0,0,0,0,0,0,0,0,0,0,0,0,0,0,0,0,0,0,0,0,0,0,0,0,0,0,0,0,0,0,0,0,0,0,0,0,0,0,0,0,0,0,0,0,0,0,0,0,0,0,0,0,0,0,0,0,0,0,0,0,0,0,0,0,0,0,0,0,0,0,0,0,0,0,0,0,0,0,0,0,0,0,0,0,0,0,0,0,0,0,0,0,0,0,0,0,0,0,0,0,0,0,0,0,0,0,0,0,0,0,0,0,0,0,0,0,0,0,0,0,0,0,0,0,0,0
801051127,..,..,..,..,..,..,..,..,..,..,..,..,..,..,..,..,..,..,..,..,..,..,..,..,..,..,..,..,..,..,..,..,..,..,..,..,..,..,..,..,..,..,..,..,..,..,..,..,..,..,..,..,..,..,..,..,..,..,..,..,..,..,..,..,..,..,6,3,0,0,3,0,0,0,8,0,5,38,4,73,10,9,3,0,6,3,0,6,19,0,8,45,6,89,25,23,7,0,12,12,3,12,51,0,29,83,8,202,12,11,4,0,6,8,0,3,19,0,9,90,6,147,31,33,4,5,14,13,0,0,44,0,41,208,7,344,38,37,12,0,10,9,0,0,33,4,37,166,5,306,17,9,9,0,5,10,0,0,9,0,12,105,0,161,0,0,0,0,0,0,0,0,0,0,0,3,94,101,135,132,45,5,48,56,4,23,187,10,152,744,123,1425,12,4,0,3,3,7,0,4
801051128,..,..,..,..,..,..,..,..,..,..,..,..,..,..,..,..,..,..,..,..,..,..,..,..,..,..,..,..,..,..,..,..,..,..,..,..,..,..,..,..,..,..,..,..,..,..,..,..,..,..,..,..,..,..,..,..,..,..,..,..,..,..,..,..,..,..,0,0,0,0,0,0,0,0,0,0,0,0,0,0,0,0,0,0,0,0,0,0,0,0,0,0,0,0,0,0,0,0,0,0,0,0,0,0,0,0,0,0,0,0,0,0,0,0,0,0,0,0,0,0,0,0,0,0,0,0,0,0,0,0,0,0,0,0,0,0,0,0,0,0,0,0,0,0,0,0,0,0,0,0,0,0,0,0,0,0,0,0,0,0,0,0,0,0,0,0,0,0,0,0,0,0,0,0,0,0,0,0,0,0,0,0,0,0,0,0,0,0,0,0,0,0,0,0,0,0,0,0,0,0
801061062,..,..,..,..,..,..,..,..,..,..,..,..,..,..,..,..,..,..,..,..,..,..,..,..,..,..,..,..,..,..,..,..,..,..,..,..,..,..,..,..,..,..,..,..,..,..,..,..,..,..,..,..,..,..,..,..,..,..,..,..,..,..,..,..,..,..,10,16,6,0,5,3,4,3,19,0,15,116,4,174,10,13,0,0,3,5,0,0,27,0,28,92,0,157,50,22,19,4,21,21,7,10,31,6,42,110,8,267,43,17,21,4,15,24,0,14,15,7,28,124,13,253,71,50,29,4,18,38,7,10,49,5,58,249,22,502,56,50,32,0,24,18,6,8,37,3,57,336,11,545,44,45,44,3,15,23,0,0,34,0,50,347,15,566,3,6,5,0,0,3,0,0,3,6,0,10,107,132,299,210,155,28,107,143,33,47,216,25,287,1384,183,2596,52,18,23,24,20,31,8,20
801061063,..,..,..,..,..,..,..,..,..,..,..,..,..,..,..,..,..,..,..,..,..,..,..,..,..,..,..,..,..,..,..,..,..,..,..,..,..,..,..,..,..,..,..,..,..,..,..,..,..,..,..,..,..,..,..,..,..,..,..,..,..,..,..,..,..,..,14,12,4,0,6,0,0,6,4,0,7,64,9,108,4,8,0,0,0,0,0,0,10,0,4,56,0,81,20,4,10,4,13,14,0,13,12,9,13,45,4,101,15,14,7,0,4,9,0,0,11,0,12,68,3,113,26,33,14,0,11,18,3,3,34,0,33,203,9,345,33,43,14,0,14,15,8,3,37,4,35,232,10,400,43,41,22,0,17,23,0,7,34,0,38,256,6,414,0,0,0,0,0,0,0,0,0,0,0,6,48,56,156,143,77,7,51,86,13,29,136,14,150,926,88,1625,12,5,15,5,6,10,0,6
801061064,..,..,..,..,..,..,..,..,..,..,..,..,..,..,..,..,..,..,..,..,..,..,..,..,..,..,..,..,..,..,..,..,..,..,..,..,..,..,..,..,..,..,..,..,..,..,..,..,..,..,..,..,..,..,..,..,..,..,..,..,..,..,..,..,..,..,12,17,3,3,4,4,0,0,22,0,23,162,3,244,22,28,6,4,0,11,6,6,33,0,35,145,4,246,78,48,26,36,35,36,18,17,101,11,76,191,5,459,66,36,17,14,25,25,8,12,47,11,63,222,10,423,90,107,46,14,34,41,9,11,142,13,124,673,27,1129,96,112,41,3,29,29,17,0,113,9,131,736,17,1161,73,60,25,5,10,35,8,7,52,10,75,493,25,771,3,0,4,8,6,4,0,3,11,0,14,19,154,192,441,417,174,90,143,190,61,67,514,51,536,2636,244,4639,79,27,22,82,33,41,18,23
801061066,..,..,..,..,..,..,..,..,..,..,..,..,..,..,..,..,..,..,..,..,..,..,..,..,..,..,..,..,..,..,..,..,..,..,..,..,..,..,..,..,..,..,..,..,..,..,..,..,..,..,..,..,..,..,..,..,..,..,..,..,..,..,..,..,..,..,0,0,0,0,0,0,0,0,0,0,0,0,0,0,0,0,0,0,0,0,0,0,0,0,0,0,0,0,0,0,0,0,0,0,0,0,0,0,0,0,0,0,0,0,0,0,0,0,0,0,0,0,0,0,0,0,0,0,0,0,0,0,0,0,0,0,0,0,0,0,0,0,0,0,0,0,0,0,0,0,0,0,0,0,0,0,0,0,0,0,0,0,0,0,0,0,0,0,0,0,0,0,0,0,0,0,0,0,0,0,0,0,0,0,0,0,0,0,0,0,0,0,0,0,0,0,0,0,0,0,0,0,0,0
801061067,..,..,..,..,..,..,..,..,..,..,..,..,..,..,..,..,..,..,..,..,..,..,..,..,..,..,..,..,..,..,..,..,..,..,..,..,..,..,..,..,..,..,..,..,..,..,..,..,..,..,..,..,..,..,..,..,..,..,..,..,..,..,..,..,..,..,15,21,9,3,11,11,4,6,47,6,45,253,11,382,36,40,15,0,14,18,4,12,55,5,41,190,15,354,188,91,50,41,74,63,25,35,187,18,156,296,21,820,87,46,21,4,25,28,8,21,50,6,53,309,13,538,96,93,37,9,35,30,16,12,124,8,119,638,22,1071,70,99,28,0,26,33,3,8,93,0,113,734,23,1125,41,41,19,0,13,11,0,11,44,0,69,387,19,608,22,6,13,72,17,5,3,9,45,19,102,29,232,418,561,443,193,132,226,202,65,99,647,65,704,2834,345,5312,110,51,29,58,57,53,25,32
801061068,..,..,..,..,..,..,..,..,..,..,..,..,..,..,..,..,..,..,..,..,..,..,..,..,..,..,..,..,..,..,..,..,..,..,..,..,..,..,..,..,..,..,..,..,..,..,..,..,..,..,..,..,..,..,..,..,..,..,..,..,..,..,..,..,..,..,0,0,0,0,0,0,0,0,0,0,0,0,0,0,0,0,0,0,0,0,0,0,0,0,0,0,0,0,0,0,0,0,0,0,0,0,0,0,0,0,0,0,0,0,0,0,0,0,0,0,0,0,0,0,0,0,0,0,0,0,0,0,0,0,0,0,0,0,0,0,0,0,0,0,0,0,0,0,0,0,0,0,0,0,0,0,0,0,0,0,0,0,0,0,0,0,0,0,0,0,0,0,0,0,0,0,0,0,0,0,3,3,0,0,0,0,0,0,0,0,0,0,0,4,3,3,0,0,0,0,0,0,0,0
801061069,..,..,..,..,..,..,..,..,..,..,..,..,..,..,..,..,..,..,..,..,..,..,..,..,..,..,..,..,..,..,..,..,..,..,..,..,..,..,..,..,..,..,..,..,..,..,..,..,..,..,..,..,..,..,..,..,..,..,..,..,..,..,..,..,..,..,4,22,0,3,5,0,0,0,24,0,13,164,5,235,16,24,6,0,0,8,0,0,27,0,6,133,12,210,54,23,11,14,16,19,6,3,35,4,42,112,7,251,47,16,15,5,4,17,3,7,21,0,25,128,6,229,57,51,25,7,20,28,5,5,38,3,50,281,16,477,45,43,27,4,12,21,7,3,28,0,59,287,14,487,46,35,19,0,18,23,6,3,30,0,54,378,10,567,10,0,0,9,0,5,3,6,8,0,8,15,76,108,281,208,101,41,70,125,31,26,215,13,267,1499,144,2562,64,14,22,39,13,33,12,11
801061070,..,..,..,..,..,..,..,..,..,..,..,..,..,..,..,..,..,..,..,..,..,..,..,..,..,..,..,..,..,..,..,..,..,..,..,..,..,..,..,..,..,..,..,..,..,..,..,..,..,..,..,..,..,..,..,..,..,..,..,..,..,..,..,..,..,..,10,13,9,6,4,0,0,0,16,0,16,117,0,169,16,16,3,0,7,5,5,0,17,0,11,84,4,151,47,47,12,6,22,25,10,8,51,4,41,133,4,302,39,23,16,0,7,10,3,3,12,0,25,105,4,200,76,35,50,3,20,50,12,13,32,5,60,306,18,563,66,47,34,0,24,24,0,8,37,8,55,308,14,547,46,53,28,0,19,30,5,3,28,0,55,366,12,591,7,3,0,0,0,0,0,0,4,0,3,19,96,121,305,241,151,24,107,157,42,46,199,18,265,1436,154,2642,39,14,12,17,21,20,0,12
801061129,..,..,..,..,..,..,..,..,..,..,..,..,..,..,..,..,..,..,..,..,..,..,..,..,..,..,..,..,..,..,..,..,..,..,..,..,..,..,..,..,..,..,..,..,..,..,..,..,..,..,..,..,..,..,..,..,..,..,..,..,..,..,..,..,..,..,3,0,0,0,0,0,0,0,9,0,0,45,0,65,7,7,7,0,3,0,0,0,7,0,0,33,0,59,19,15,12,0,5,3,4,0,8,0,7,52,0,98,8,10,5,0,7,7,0,0,13,0,12,55,0,99,26,35,15,3,12,11,7,0,63,7,39,287,9,468,30,43,17,0,18,10,7,6,64,4,60,342,12,538,19,25,8,0,13,13,0,0,11,0,28,180,4,272,0,0,0,0,0,0,0,0,0,0,0,3,205,208,117,137,58,3,53,56,20,9,173,11,163,1003,239,1806,10,3,9,3,6,8,3,4
801061130,..,..,..,..,..,..,..,..,..,..,..,..,..,..,..,..,..,..,..,..,..,..,..,..,..,..,..,..,..,..,..,..,..,..,..,..,..,..,..,..,..,..,..,..,..,..,..,..,..,..,..,..,..,..,..,..,..,..,..,..,..,..,..,..,..,..,0,0,0,0,0,0,0,0,0,0,0,3,0,3,0,0,0,0,0,0,0,0,5,0,0,0,0,8,0,0,0,0,0,0,0,0,5,0,0,4,0,15,0,0,0,0,0,0,0,0,4,0,0,0,0,7,0,0,0,0,0,0,0,0,4,0,5,5,0,10,0,0,0,0,0,0,0,0,0,0,0,0,0,0,0,0,0,0,0,0,0,0,0,0,0,0,0,0,0,0,0,0,0,0,0,0,0,0,0,3,6,8,0,4,0,0,0,0,0,0,16,0,3,21,6,53,0,0,0,0,0,0,0,0
801061131,..,..,..,..,..,..,..,..,..,..,..,..,..,..,..,..,..,..,..,..,..,..,..,..,..,..,..,..,..,..,..,..,..,..,..,..,..,..,..,..,..,..,..,..,..,..,..,..,..,..,..,..,..,..,..,..,..,..,..,..,..,..,..,..,..,..,3,17,4,0,12,5,0,0,19,0,12,114,0,170,15,8,5,0,0,8,3,0,24,0,12,87,4,145,56,44,22,7,14,18,5,12,67,6,53,189,7,381,37,28,21,0,14,12,9,13,52,5,38,253,8,418,93,154,53,9,39,28,8,8,198,6,174,942,39,1536,111,209,33,0,31,32,5,5,216,7,211,1201,49,1887,69,76,30,0,20,25,7,3,75,5,74,582,7,886,0,0,3,0,0,0,0,0,0,0,6,29,563,598,377,543,165,13,133,129,43,42,641,30,583,3404,688,6016,24,21,7,11,5,10,6,6
801071071,..,..,..,..,..,..,..,..,..,..,..,..,..,..,..,..,..,..,..,..,..,..,..,..,..,..,..,..,..,..,..,..,..,..,..,..,..,..,..,..,..,..,..,..,..,..,..,..,..,..,..,..,..,..,..,..,..,..,..,..,..,..,..,..,..,..,21,24,11,0,17,4,0,0,54,0,44,170,12,307,34,30,8,0,20,12,8,4,47,3,30,161,8,283,95,60,23,0,54,35,21,20,91,17,85,242,17,544,51,54,19,4,32,19,4,13,89,0,60,301,16,542,99,148,31,0,68,42,11,19,169,11,144,724,29,1239,80,89,26,0,36,20,5,5,84,4,81,471,12,791,13,19,10,0,13,7,0,0,15,0,20,109,6,181,3,0,3,0,4,0,0,0,4,0,8,29,100,137,396,428,120,9,233,142,58,66,548,43,468,2208,194,4019,63,41,23,4,39,34,18,21
801071072,..,..,..,..,..,..,..,..,..,..,..,..,..,..,..,..,..,..,..,..,..,..,..,..,..,..,..,..,..,..,..,..,..,..,..,..,..,..,..,..,..,..,..,..,..,..,..,..,..,..,..,..,..,..,..,..,..,..,..,..,..,..,..,..,..,..,20,20,12,4,9,4,3,7,33,0,35,145,7,251,27,17,6,0,17,12,0,3,35,0,34,98,5,204,94,51,25,4,56,35,16,17,75,8,65,185,9,453,55,53,24,0,27,20,8,14,56,6,47,221,11,426,87,88,39,0,38,35,7,13,104,7,105,504,22,882,60,87,22,0,26,16,7,4,70,6,54,385,14,639,12,19,0,0,9,3,0,0,8,0,12,91,0,143,0,0,0,0,0,0,0,0,0,0,0,21,82,108,355,335,128,11,188,140,36,59,385,31,360,1655,148,3112,45,24,17,5,24,24,6,12
801071073,..,..,..,..,..,..,..,..,..,..,..,..,..,..,..,..,..,..,..,..,..,..,..,..,..,..,..,..,..,..,..,..,..,..,..,..,..,..,..,..,..,..,..,..,..,..,..,..,..,..,..,..,..,..,..,..,..,..,..,..,..,..,..,..,..,..,28,22,3,0,22,11,0,0,55,0,39,178,14,310,21,24,12,0,16,8,3,4,53,0,33,157,13,296,160,84,55,38,66,66,20,33,134,22,144,235,21,677,74,73,19,0,39,45,11,15,75,5,58,352,13,617,109,149,41,0,66,34,15,19,163,4,131,726,38,1276,82,118,26,0,43,31,7,9,83,0,97,611,27,1008,24,31,18,0,11,5,4,0,18,0,33,140,11,255,0,6,4,0,0,0,0,0,5,0,7,8,141,163,505,505,175,40,265,195,56,86,572,34,546,2399,271,4605,111,47,34,39,51,52,12,29
801071074,..,..,..,..,..,..,..,..,..,..,..,..,..,..,..,..,..,..,..,..,..,..,..,..,..,..,..,..,..,..,..,..,..,..,..,..,..,..,..,..,..,..,..,..,..,..,..,..,..,..,..,..,..,..,..,..,..,..,..,..,..,..,..,..,..,..,31,31,15,0,18,15,3,3,53,3,47,185,13,336,34,43,11,0,20,21,7,13,51,8,41,151,13,295,135,76,39,4,90,61,18,43,102,14,100,278,19,656,76,63,27,4,30,23,4,10,74,7,55,315,17,574,115,120,34,0,60,40,13,23,136,10,126,654,38,1151,68,93,24,0,49,27,4,5,88,0,95,473,21,816,25,16,6,0,8,9,0,3,14,0,19,106,5,187,5,3,0,4,5,0,0,0,3,4,4,19,122,152,494,449,168,9,283,192,56,102,528,50,488,2166,241,4174,103,52,32,5,58,41,17,28
801071075,..,..,..,..,..,..,..,..,..,..,..,..,..,..,..,..,..,..,..,..,..,..,..,..,..,..,..,..,..,..,..,..,..,..,..,..,..,..,..,..,..,..,..,..,..,..,..,..,..,..,..,..,..,..,..,..,..,..,..,..,..,..,..,..,..,..,25,41,10,0,10,9,4,0,62,6,42,144,6,285,26,30,8,5,24,7,4,11,37,4,42,181,14,319,135,78,38,11,50,58,17,29,129,11,109,226,19,604,62,52,16,0,25,13,4,13,60,0,57,275,14,493,106,123,36,4,46,43,7,12,157,4,126,662,33,1152,72,99,24,0,51,36,5,13,101,7,117,500,21,881,17,22,7,0,10,3,0,0,15,0,24,128,3,212,6,5,4,0,0,3,0,0,0,0,8,33,100,149,445,449,138,19,213,175,43,76,571,31,522,2144,206,4090,62,45,23,13,33,40,12,24
801071076,..,..,..,..,..,..,..,..,..,..,..,..,..,..,..,..,..,..,..,..,..,..,..,..,..,..,..,..,..,..,..,..,..,..,..,..,..,..,..,..,..,..,..,..,..,..,..,..,..,..,..,..,..,..,..,..,..,..,..,..,..,..,..,..,..,..,20,22,7,0,7,5,0,5,14,0,14,97,3,159,19,26,9,3,9,7,4,0,19,0,18,107,3,189,45,24,17,4,25,19,9,3,23,9,40,138,4,278,45,20,15,3,16,16,8,8,23,0,26,139,5,264,72,48,36,4,30,27,10,4,42,8,74,313,13,565,61,53,17,0,26,19,11,7,44,0,70,391,11,638,31,37,4,0,7,10,0,0,14,0,34,173,13,281,0,0,0,4,0,0,0,0,0,0,0,7,33,43,293,227,103,17,139,105,35,33,183,20,282,1355,84,2429,29,16,14,11,21,12,6,5
801071077,..,..,..,..,..,..,..,..,..,..,..,..,..,..,..,..,..,..,..,..,..,..,..,..,..,..,..,..,..,..,..,..,..,..,..,..,..,..,..,..,..,..,..,..,..,..,..,..,..,..,..,..,..,..,..,..,..,..,..,..,..,..,..,..,..,..,5,21,5,0,12,3,0,0,28,0,19,96,7,168,19,18,4,0,16,9,6,0,28,4,21,76,7,156,71,56,26,4,28,20,7,19,55,6,58,109,11,302,21,31,3,5,21,13,4,7,38,0,29,125,11,264,50,57,25,0,30,21,10,10,72,5,74,400,9,660,37,45,12,0,24,12,6,5,46,0,51,278,12,443,6,10,4,0,6,5,0,0,10,0,13,55,0,101,3,0,4,0,8,0,4,0,0,0,0,7,47,71,224,247,82,10,140,83,36,41,271,10,264,1146,103,2164,39,33,18,6,31,24,9,12
801071078,..,..,..,..,..,..,..,..,..,..,..,..,..,..,..,..,..,..,..,..,..,..,..,..,..,..,..,..,..,..,..,..,..,..,..,..,..,..,..,..,..,..,..,..,..,..,..,..,..,..,..,..,..,..,..,..,..,..,..,..,..,..,..,..,..,..,35,39,11,6,27,17,7,7,65,3,48,220,7,411,57,55,18,7,30,20,8,13,84,6,62,220,20,443,207,105,52,19,95,101,28,52,149,29,151,400,15,924,122,98,58,7,65,54,20,8,122,9,117,459,28,898,164,194,52,4,109,56,17,23,233,8,211,1018,52,1788,109,147,39,0,86,37,10,5,151,3,186,781,32,1361,17,30,7,0,10,8,0,0,22,0,40,177,3,288,6,9,3,7,7,4,0,5,0,0,8,23,191,244,714,679,234,41,423,295,91,122,825,67,823,3302,342,6361,148,63,54,35,75,78,34,36
801071079,..,..,..,..,..,..,..,..,..,..,..,..,..,..,..,..,..,..,..,..,..,..,..,..,..,..,..,..,..,..,..,..,..,..,..,..,..,..,..,..,..,..,..,..,..,..,..,..,..,..,..,..,..,..,..,..,..,..,..,..,..,..,..,..,..,..,8,8,7,0,8,3,0,4,18,0,16,69,5,126,28,18,6,0,8,8,0,3,26,0,29,99,3,191,70,43,15,6,43,34,19,20,71,4,60,146,4,365,43,35,12,0,24,29,9,10,36,5,47,154,11,305,78,57,28,3,43,33,11,3,84,10,84,381,19,701,47,64,11,0,11,24,3,4,69,0,56,302,18,532,12,24,8,0,3,10,3,0,10,0,20,97,9,174,0,0,0,0,0,0,0,0,8,0,0,18,59,81,293,233,86,8,136,140,39,49,324,23,314,1272,133,2482,37,19,10,6,14,13,9,8
801071080,..,..,..,..,..,..,..,..,..,..,..,..,..,..,..,..,..,..,..,..,..,..,..,..,..,..,..,..,..,..,..,..,..,..,..,..,..,..,..,..,..,..,..,..,..,..,..,..,..,..,..,..,..,..,..,..,..,..,..,..,..,..,..,..,..,..,10,16,5,3,12,9,3,0,20,0,21,116,11,199,24,16,11,5,6,9,3,3,30,4,30,69,3,157,104,58,31,13,36,51,13,25,97,13,81,197,9,491,62,47,33,4,27,42,10,21,74,8,47,323,8,543,101,122,46,7,58,46,15,21,179,15,114,738,26,1231,53,79,12,3,26,34,7,5,103,10,69,402,11,699,12,12,3,0,19,6,4,5,15,0,13,104,0,164,6,0,0,4,3,4,0,0,0,0,4,21,157,188,373,367,137,46,194,206,46,84,527,51,380,1962,218,3669,93,33,23,39,37,57,24,13
801071081,..,..,..,..,..,..,..,..,..,..,..,..,..,..,..,..,..,..,..,..,..,..,..,..,..,..,..,..,..,..,..,..,..,..,..,..,..,..,..,..,..,..,..,..,..,..,..,..,..,..,..,..,..,..,..,..,..,..,..,..,..,..,..,..,..,..,21,20,9,0,19,8,0,11,36,0,33,136,15,255,32,31,10,3,18,7,0,3,41,5,31,111,8,233,144,82,25,6,66,49,25,31,87,11,98,221,14,578,53,44,11,0,40,27,9,5,54,6,52,248,10,463,82,114,35,0,56,29,11,15,113,6,116,607,23,1025,40,83,16,0,23,10,3,4,84,0,79,380,16,649,3,12,4,0,14,3,3,0,4,0,8,70,4,100,13,7,6,0,3,0,4,3,6,3,4,25,82,128,388,391,108,17,227,138,61,84,424,37,423,1798,169,3429,66,40,14,12,40,35,21,30
801071082,..,..,..,..,..,..,..,..,..,..,..,..,..,..,..,..,..,..,..,..,..,..,..,..,..,..,..,..,..,..,..,..,..,..,..,..,..,..,..,..,..,..,..,..,..,..,..,..,..,..,..,..,..,..,..,..,..,..,..,..,..,..,..,..,..,..,58,78,21,4,30,29,6,11,128,5,102,481,29,838,116,83,49,5,63,59,16,27,145,8,121,468,45,927,529,297,157,35,228,198,60,135,384,50,379,832,52,2238,292,201,113,7,114,101,36,52,250,19,219,846,45,1776,341,310,139,6,190,143,23,49,367,14,381,1847,61,3236,203,300,82,0,95,66,22,20,299,12,326,1391,57,2486,58,84,25,0,34,33,8,9,50,0,80,427,9,718,21,7,0,5,9,7,4,0,7,4,9,50,414,499,1620,1356,589,58,771,639,177,308,1626,114,1614,6350,711,12729,266,151,92,48,150,119,47,86
801071083,..,..,..,..,..,..,..,..,..,..,..,..,..,..,..,..,..,..,..,..,..,..,..,..,..,..,..,..,..,..,..,..,..,..,..,..,..,..,..,..,..,..,..,..,..,..,..,..,..,..,..,..,..,..,..,..,..,..,..,..,..,..,..,..,..,..,4,3,0,3,5,0,0,0,7,0,7,50,7,83,18,3,4,0,4,7,0,0,10,0,14,43,5,74,29,19,12,0,13,7,3,0,23,3,14,58,6,127,22,16,10,0,9,7,4,0,20,0,15,59,5,136,34,31,12,0,15,7,0,5,24,5,21,156,3,268,24,36,10,0,13,11,0,0,30,0,37,193,5,311,6,8,3,0,3,4,3,0,6,0,11,48,0,84,0,0,0,0,0,0,0,0,0,0,0,4,7,22,144,107,53,3,57,48,17,11,118,7,117,613,35,1106,13,9,8,4,4,10,3,0
801071084,..,..,..,..,..,..,..,..,..,..,..,..,..,..,..,..,..,..,..,..,..,..,..,..,..,..,..,..,..,..,..,..,..,..,..,..,..,..,..,..,..,..,..,..,..,..,..,..,..,..,..,..,..,..,..,..,..,..,..,..,..,..,..,..,..,..,14,37,5,0,20,11,0,3,44,0,39,167,9,307,46,27,8,4,24,14,8,3,36,13,48,155,16,315,216,84,67,21,95,104,26,42,115,19,138,271,21,760,120,64,47,8,63,64,14,26,67,19,86,288,22,635,150,119,54,8,74,60,21,20,133,3,151,641,25,1197,105,104,20,4,49,29,3,12,92,6,121,515,17,919,18,21,3,0,14,7,6,0,24,0,30,135,0,223,81,13,24,73,20,37,10,6,55,15,86,25,118,292,749,477,234,127,353,326,83,122,566,73,697,2195,233,4651,199,76,63,109,76,109,28,43
801071085,..,..,..,..,..,..,..,..,..,..,..,..,..,..,..,..,..,..,..,..,..,..,..,..,..,..,..,..,..,..,..,..,..,..,..,..,..,..,..,..,..,..,..,..,..,..,..,..,..,..,..,..,..,..,..,..,..,..,..,..,..,..,..,..,..,..,0,0,0,0,0,0,0,0,0,0,0,0,0,0,0,0,0,0,0,0,0,0,0,0,0,0,0,0,0,0,0,0,0,0,0,0,0,0,0,0,0,0,0,0,0,0,0,0,0,0,0,0,0,0,0,0,0,0,0,0,0,0,0,0,0,0,0,0,0,0,0,0,0,0,0,0,0,0,0,0,0,0,0,0,0,0,0,0,0,0,0,0,0,0,0,0,0,0,0,0,0,0,0,0,0,0,0,0,0,0,0,0,0,0,0,0,0,0,0,0,0,0,0,0,0,0,0,0,0,0,0,0,0,0
801071086,..,..,..,..,..,..,..,..,..,..,..,..,..,..,..,..,..,..,..,..,..,..,..,..,..,..,..,..,..,..,..,..,..,..,..,..,..,..,..,..,..,..,..,..,..,..,..,..,..,..,..,..,..,..,..,..,..,..,..,..,..,..,..,..,..,..,11,13,0,0,8,4,0,3,14,0,12,66,7,122,6,3,8,0,6,3,0,0,13,4,11,46,3,84,42,24,15,5,23,15,9,4,32,6,22,84,4,199,29,18,10,0,15,15,0,0,28,0,21,91,0,175,42,36,15,0,27,19,4,0,47,6,43,209,5,386,29,32,13,0,13,9,0,4,35,0,30,143,5,263,3,9,0,0,7,4,0,0,3,0,8,58,0,75,0,0,0,0,0,0,0,0,8,0,0,12,50,65,163,144,56,3,91,68,21,22,183,10,154,699,80,1371,21,17,10,7,19,13,3,3
801071087,..,..,..,..,..,..,..,..,..,..,..,..,..,..,..,..,..,..,..,..,..,..,..,..,..,..,..,..,..,..,..,..,..,..,..,..,..,..,..,..,..,..,..,..,..,..,..,..,..,..,..,..,..,..,..,..,..,..,..,..,..,..,..,..,..,..,16,21,0,4,8,8,0,5,41,3,26,119,3,212,34,21,4,3,13,9,0,9,35,4,32,87,11,194,98,49,33,4,65,35,8,27,84,11,67,130,6,386,37,37,11,0,23,12,3,4,49,0,34,202,10,364,63,75,13,0,41,20,3,10,73,5,71,431,15,728,42,42,8,0,19,12,0,3,41,3,67,218,3,386,5,6,3,0,0,0,0,0,11,0,10,48,5,76,3,4,0,0,0,0,0,6,0,0,0,13,87,110,300,248,77,14,171,97,26,63,337,30,301,1244,149,2445,62,34,12,11,24,22,6,18
801071088,..,..,..,..,..,..,..,..,..,..,..,..,..,..,..,..,..,..,..,..,..,..,..,..,..,..,..,..,..,..,..,..,..,..,..,..,..,..,..,..,..,..,..,..,..,..,..,..,..,..,..,..,..,..,..,..,..,..,..,..,..,..,..,..,..,..,13,32,3,0,5,8,0,5,43,0,29,126,8,231,25,14,7,0,10,6,0,3,27,3,28,113,5,199,81,57,16,0,33,23,3,18,84,9,73,176,13,441,29,37,14,0,14,10,3,8,52,3,34,231,12,391,74,105,28,0,39,27,10,9,119,3,92,512,23,891,63,72,29,0,30,20,0,8,67,4,66,406,17,678,16,15,7,0,5,7,0,0,7,0,10,90,5,149,7,0,0,0,0,0,0,0,3,0,3,20,65,91,305,338,103,6,140,107,22,56,412,21,327,1675,148,3070,43,18,9,6,21,16,3,6
801071089,..,..,..,..,..,..,..,..,..,..,..,..,..,..,..,..,..,..,..,..,..,..,..,..,..,..,..,..,..,..,..,..,..,..,..,..,..,..,..,..,..,..,..,..,..,..,..,..,..,..,..,..,..,..,..,..,..,..,..,..,..,..,..,..,..,..,0,0,0,0,0,0,0,0,0,0,0,0,0,0,0,0,0,0,0,0,0,0,0,0,0,0,0,0,4,0,0,0,0,0,0,0,0,0,0,0,0,5,0,0,0,0,0,0,0,0,0,0,0,0,0,4,5,3,0,0,4,0,0,3,0,0,0,0,0,9,0,0,0,0,0,0,0,0,0,0,0,4,0,7,0,0,0,0,0,0,0,0,0,0,0,0,0,0,0,0,0,0,0,0,0,0,0,0,0,0,5,8,6,3,0,0,4,3,0,3,3,0,4,14,5,38,0,0,0,0,0,0,0,0
801071090,..,..,..,..,..,..,..,..,..,..,..,..,..,..,..,..,..,..,..,..,..,..,..,..,..,..,..,..,..,..,..,..,..,..,..,..,..,..,..,..,..,..,..,..,..,..,..,..,..,..,..,..,..,..,..,..,..,..,..,..,..,..,..,..,..,..,29,49,14,0,27,8,4,0,73,7,45,259,11,442,66,63,19,0,30,15,11,14,62,7,66,208,20,447,246,142,59,15,129,91,40,60,176,19,187,385,26,1033,114,89,43,3,54,45,11,14,107,8,90,407,24,805,192,190,77,0,114,82,18,23,196,7,193,925,50,1693,101,141,40,0,63,45,17,15,118,6,150,777,34,1290,25,39,10,0,11,4,5,3,22,0,47,224,15,360,11,8,3,0,7,0,0,3,6,3,5,33,187,240,790,710,265,23,424,299,96,131,769,59,790,3224,363,6324,126,68,36,18,70,62,23,34
801071132,..,..,..,..,..,..,..,..,..,..,..,..,..,..,..,..,..,..,..,..,..,..,..,..,..,..,..,..,..,..,..,..,..,..,..,..,..,..,..,..,..,..,..,..,..,..,..,..,..,..,..,..,..,..,..,..,..,..,..,..,..,..,..,..,..,..,0,0,0,0,0,0,0,0,0,0,0,0,0,0,0,0,0,0,0,0,0,0,0,0,0,0,0,0,0,0,0,0,0,0,0,0,0,0,0,0,0,0,0,4,0,0,0,0,0,0,0,0,0,0,0,4,0,0,0,0,0,0,0,0,3,0,0,0,0,6,0,0,0,0,0,0,0,0,0,0,0,0,0,0,0,0,0,0,0,0,0,0,0,0,0,0,0,0,0,0,0,0,0,0,0,0,0,0,0,0,0,0,0,0,0,0,0,0,0,0,3,0,5,0,0,7,0,0,0,0,0,0,0,0
801081091,..,..,..,..,..,..,..,..,..,..,..,..,..,..,..,..,..,..,..,..,..,..,..,..,..,..,..,..,..,..,..,..,..,..,..,..,..,..,..,..,..,..,..,..,..,..,..,..,..,..,..,..,..,..,..,..,..,..,..,..,..,..,..,..,..,..,9,9,0,0,6,6,0,7,16,3,16,79,7,146,18,16,8,0,7,7,0,0,18,3,15,104,7,180,76,24,30,5,29,27,13,11,36,9,44,129,9,313,39,23,19,4,12,19,4,8,22,4,35,121,4,251,76,55,39,12,34,26,14,11,44,3,55,241,9,497,53,57,18,0,22,23,7,5,45,3,64,324,11,540,39,32,15,0,13,8,6,3,17,3,37,222,9,350,0,0,0,0,0,0,0,0,0,0,0,11,55,73,328,209,128,21,130,122,35,39,201,32,263,1225,110,2348,45,13,24,17,19,23,11,12
801081092,..,..,..,..,..,..,..,..,..,..,..,..,..,..,..,..,..,..,..,..,..,..,..,..,..,..,..,..,..,..,..,..,..,..,..,..,..,..,..,..,..,..,..,..,..,..,..,..,..,..,..,..,..,..,..,..,..,..,..,..,..,..,..,..,..,..,13,22,3,0,10,6,0,4,21,0,19,112,0,178,21,23,12,0,17,6,3,6,31,6,25,125,3,228,75,38,17,8,32,33,4,20,67,10,45,157,12,373,55,36,14,3,17,22,5,6,34,0,28,166,16,323,63,71,26,4,27,37,11,10,68,3,71,354,14,634,55,61,15,0,11,10,6,4,52,0,64,398,11,623,18,22,3,0,0,4,4,5,23,0,22,182,10,271,6,0,4,0,0,3,0,0,0,0,0,5,79,95,303,274,99,15,120,130,39,52,289,28,284,1496,149,2729,56,28,15,10,20,15,6,13
801081093,..,..,..,..,..,..,..,..,..,..,..,..,..,..,..,..,..,..,..,..,..,..,..,..,..,..,..,..,..,..,..,..,..,..,..,..,..,..,..,..,..,..,..,..,..,..,..,..,..,..,..,..,..,..,..,..,..,..,..,..,..,..,..,..,..,..,15,11,3,0,9,0,0,0,21,5,23,104,0,164,25,16,10,0,9,12,3,0,20,5,21,91,5,171,101,39,29,8,37,42,11,20,54,5,63,134,13,362,53,34,23,0,35,28,13,10,44,11,39,170,11,338,73,64,31,3,32,39,5,11,74,6,75,337,21,607,50,63,13,0,19,11,7,9,69,5,71,347,15,576,15,27,5,0,8,4,0,0,15,0,25,124,8,201,7,0,3,3,5,5,6,3,0,0,0,7,83,115,337,259,116,24,150,145,39,61,300,35,314,1308,156,2532,74,41,32,13,28,40,16,15
801081094,..,..,..,..,..,..,..,..,..,..,..,..,..,..,..,..,..,..,..,..,..,..,..,..,..,..,..,..,..,..,..,..,..,..,..,..,..,..,..,..,..,..,..,..,..,..,..,..,..,..,..,..,..,..,..,..,..,..,..,..,..,..,..,..,..,..,7,11,3,0,5,0,0,0,17,0,6,97,6,145,19,17,10,0,7,6,0,5,28,0,13,73,3,151,70,31,27,6,26,34,8,18,42,8,39,128,13,321,52,34,19,3,18,15,3,5,27,5,33,124,9,267,64,61,36,3,31,19,5,7,67,4,76,307,8,559,50,63,19,0,17,10,9,0,74,0,68,339,15,560,13,24,6,0,6,3,0,0,15,0,16,124,0,182,0,0,0,0,0,0,0,0,0,0,4,22,73,99,273,253,115,11,108,83,26,38,271,17,261,1207,127,2287,47,24,16,12,18,19,5,7
801081095,..,..,..,..,..,..,..,..,..,..,..,..,..,..,..,..,..,..,..,..,..,..,..,..,..,..,..,..,..,..,..,..,..,..,..,..,..,..,..,..,..,..,..,..,..,..,..,..,..,..,..,..,..,..,..,..,..,..,..,..,..,..,..,..,..,..,12,15,5,0,6,3,0,0,28,0,14,95,12,180,26,32,9,3,9,3,0,5,42,4,20,104,0,205,124,50,25,9,51,58,13,29,78,14,73,159,12,443,57,40,25,3,28,32,4,18,39,3,53,157,9,338,72,60,24,0,38,17,8,6,84,6,69,341,4,613,43,72,20,0,16,21,3,0,48,0,62,359,18,595,12,12,3,0,12,4,0,0,15,0,11,99,3,155,6,0,3,3,3,0,0,0,3,0,0,17,104,132,350,275,127,17,172,141,39,60,340,28,307,1339,171,2664,70,25,26,14,31,35,8,19
801081096,..,..,..,..,..,..,..,..,..,..,..,..,..,..,..,..,..,..,..,..,..,..,..,..,..,..,..,..,..,..,..,..,..,..,..,..,..,..,..,..,..,..,..,..,..,..,..,..,..,..,..,..,..,..,..,..,..,..,..,..,..,..,..,..,..,..,9,7,3,9,3,4,0,3,4,0,17,60,5,109,25,12,6,3,11,13,0,6,35,3,24,75,3,167,102,42,26,42,44,50,19,27,65,25,62,107,6,368,40,15,15,12,11,22,0,8,20,7,30,107,7,219,46,42,26,3,22,28,7,10,58,0,58,220,5,425,45,39,10,0,20,17,3,11,42,3,42,174,10,341,15,15,8,0,0,3,0,6,6,3,12,70,0,120,4,0,4,6,4,0,0,0,4,0,4,5,53,69,289,176,89,81,124,143,33,55,237,41,260,815,94,1810,90,36,17,61,38,49,18,27
801081097,..,..,..,..,..,..,..,..,..,..,..,..,..,..,..,..,..,..,..,..,..,..,..,..,..,..,..,..,..,..,..,..,..,..,..,..,..,..,..,..,..,..,..,..,..,..,..,..,..,..,..,..,..,..,..,..,..,..,..,..,..,..,..,..,..,..,10,7,0,0,3,6,0,0,21,0,13,84,10,135,15,16,8,0,13,7,4,0,24,0,26,75,4,154,95,41,23,5,28,25,15,24,50,8,53,142,9,353,49,27,16,3,13,19,9,9,28,0,34,134,7,260,66,60,23,5,39,28,5,11,81,7,61,288,21,531,29,51,7,0,20,17,4,0,58,0,54,303,6,490,10,19,6,0,6,5,6,0,16,0,20,111,3,174,0,0,0,0,0,0,0,0,0,0,0,13,90,107,280,221,82,11,116,100,35,52,270,19,258,1149,152,2205,64,26,11,9,18,24,15,16
801081098,..,..,..,..,..,..,..,..,..,..,..,..,..,..,..,..,..,..,..,..,..,..,..,..,..,..,..,..,..,..,..,..,..,..,..,..,..,..,..,..,..,..,..,..,..,..,..,..,..,..,..,..,..,..,..,..,..,..,..,..,..,..,..,..,..,..,10,17,8,0,9,9,0,6,24,6,16,148,6,221,26,19,10,8,15,18,3,6,31,0,29,116,3,221,108,56,34,25,38,40,19,28,78,20,54,182,6,444,55,34,19,8,22,30,4,13,32,5,34,198,8,354,96,77,31,3,47,33,13,9,75,6,85,398,17,717,52,78,17,0,32,13,0,9,75,6,74,438,16,712,26,24,6,0,10,11,5,0,27,0,32,188,12,305,17,0,12,48,6,20,7,9,33,5,81,20,130,274,396,305,129,90,175,176,49,74,366,48,403,1681,196,3239,63,27,28,75,24,38,14,20
801081133,..,..,..,..,..,..,..,..,..,..,..,..,..,..,..,..,..,..,..,..,..,..,..,..,..,..,..,..,..,..,..,..,..,..,..,..,..,..,..,..,..,..,..,..,..,..,..,..,..,..,..,..,..,..,..,..,..,..,..,..,..,..,..,..,..,..,0,0,0,0,0,0,0,0,0,0,0,0,0,0,0,0,0,0,0,0,0,0,0,0,0,0,0,0,0,0,0,0,0,0,0,0,0,0,0,0,0,0,0,0,0,0,0,0,0,0,0,0,0,0,0,0,0,0,0,0,0,0,0,0,0,0,0,0,0,0,0,0,0,0,0,0,0,0,0,0,0,0,0,5,0,0,0,0,0,0,0,0,0,0,0,0,0,0,0,0,0,0,0,0,0,0,0,0,0,0,0,0,0,0,0,0,0,0,0,0,0,0,0,0,0,0,0,0,0,0,0,0,0,0
801091099,..,..,..,..,..,..,..,..,..,..,..,..,..,..,..,..,..,..,..,..,..,..,..,..,..,..,..,..,..,..,..,..,..,..,..,..,..,..,..,..,..,..,..,..,..,..,..,..,..,..,..,..,..,..,..,..,..,..,..,..,..,..,..,..,..,..,10,6,0,3,6,0,0,3,21,0,4,87,3,132,13,7,6,0,12,6,0,9,17,5,16,77,8,140,60,35,21,7,29,26,6,13,58,6,42,147,5,316,38,17,9,0,10,12,0,11,28,4,32,205,12,322,53,64,27,0,26,33,3,9,67,7,57,345,7,594,36,40,17,0,8,10,0,0,51,0,54,294,10,460,12,27,4,0,5,5,3,0,5,0,22,134,6,199,3,3,3,0,0,0,0,0,0,0,4,20,61,90,230,190,97,12,96,93,18,40,248,26,228,1307,112,2250,29,14,14,10,21,14,5,5
801091100,..,..,..,..,..,..,..,..,..,..,..,..,..,..,..,..,..,..,..,..,..,..,..,..,..,..,..,..,..,..,..,..,..,..,..,..,..,..,..,..,..,..,..,..,..,..,..,..,..,..,..,..,..,..,..,..,..,..,..,..,..,..,..,..,..,..,10,27,5,0,3,0,0,0,40,5,25,166,9,263,35,37,10,0,14,19,4,7,47,6,28,149,12,297,129,63,48,40,55,53,15,32,90,20,102,294,15,669,79,45,25,20,24,37,11,9,56,11,67,259,13,506,119,106,60,9,47,44,11,20,100,7,107,535,23,964,78,99,36,7,35,18,9,5,87,7,115,625,9,990,33,64,12,0,12,8,0,0,43,7,76,422,19,650,12,12,0,14,4,9,0,6,8,0,15,11,98,149,492,447,193,95,198,183,49,73,465,53,530,2473,193,4485,95,45,50,88,44,52,18,34
801091101,..,..,..,..,..,..,..,..,..,..,..,..,..,..,..,..,..,..,..,..,..,..,..,..,..,..,..,..,..,..,..,..,..,..,..,..,..,..,..,..,..,..,..,..,..,..,..,..,..,..,..,..,..,..,..,..,..,..,..,..,..,..,..,..,..,..,21,16,9,5,17,5,0,9,29,3,23,131,3,215,25,14,15,4,9,6,5,4,16,5,18,129,6,208,95,39,26,29,34,36,13,17,59,12,60,175,20,440,66,37,19,9,26,37,6,16,26,13,42,179,12,362,96,64,41,9,26,41,12,16,80,8,107,384,15,701,53,74,27,0,24,19,3,6,60,4,67,393,10,652,28,33,13,0,8,12,0,4,24,5,33,229,7,354,5,3,3,3,3,5,0,0,10,0,3,18,130,171,380,280,143,51,148,162,38,66,300,49,359,1629,202,3105,77,23,24,49,25,44,11,28
801091102,..,..,..,..,..,..,..,..,..,..,..,..,..,..,..,..,..,..,..,..,..,..,..,..,..,..,..,..,..,..,..,..,..,..,..,..,..,..,..,..,..,..,..,..,..,..,..,..,..,..,..,..,..,..,..,..,..,..,..,..,..,..,..,..,..,..,13,13,4,4,7,0,3,3,24,3,14,139,0,208,26,16,8,6,18,20,0,9,25,6,23,109,3,203,82,43,32,18,38,41,12,19,51,7,54,141,13,367,48,23,17,13,16,23,10,3,39,6,36,153,8,308,70,46,26,3,23,31,10,4,38,0,69,389,13,629,52,59,19,6,15,35,8,4,55,0,58,405,11,641,40,30,19,0,9,20,3,0,22,3,42,279,10,430,3,4,0,0,0,3,0,0,4,0,0,9,142,162,340,233,128,45,138,163,46,48,253,29,308,1628,191,2938,78,26,23,42,46,51,15,21
801091103,..,..,..,..,..,..,..,..,..,..,..,..,..,..,..,..,..,..,..,..,..,..,..,..,..,..,..,..,..,..,..,..,..,..,..,..,..,..,..,..,..,..,..,..,..,..,..,..,..,..,..,..,..,..,..,..,..,..,..,..,..,..,..,..,..,..,7,16,0,7,4,8,4,3,22,0,25,97,0,168,17,22,16,3,0,6,5,6,31,3,19,120,3,200,73,43,20,9,27,37,7,16,61,12,67,102,11,314,45,37,19,13,11,16,9,3,24,9,41,159,3,302,83,51,29,8,24,30,8,9,58,5,69,284,8,523,50,42,21,4,21,22,11,3,52,9,57,354,12,568,25,37,17,0,9,11,3,0,18,0,24,235,3,358,16,3,9,29,3,7,0,3,12,0,3,25,103,184,323,255,130,70,102,144,49,44,283,39,305,1370,148,2617,91,32,31,57,27,46,13,22
801091104,..,..,..,..,..,..,..,..,..,..,..,..,..,..,..,..,..,..,..,..,..,..,..,..,..,..,..,..,..,..,..,..,..,..,..,..,..,..,..,..,..,..,..,..,..,..,..,..,..,..,..,..,..,..,..,..,..,..,..,..,..,..,..,..,..,..,4,10,4,0,11,6,0,0,13,0,15,90,3,138,20,10,9,0,10,14,3,4,17,0,26,79,0,151,45,27,16,4,29,37,11,3,14,7,46,119,8,277,51,21,27,0,17,12,3,10,21,4,23,107,0,219,67,40,25,0,30,34,13,12,36,3,59,241,7,465,48,43,17,0,29,16,5,4,22,6,56,285,8,463,24,17,7,0,17,8,0,3,8,0,34,153,6,247,0,0,0,0,4,0,0,0,0,0,4,5,56,69,273,170,96,15,153,121,34,38,137,21,256,1068,103,2031,45,18,20,7,29,33,8,18
801091105,..,..,..,..,..,..,..,..,..,..,..,..,..,..,..,..,..,..,..,..,..,..,..,..,..,..,..,..,..,..,..,..,..,..,..,..,..,..,..,..,..,..,..,..,..,..,..,..,..,..,..,..,..,..,..,..,..,..,..,..,..,..,..,..,..,..,8,17,0,0,10,3,5,0,30,0,22,113,0,187,18,6,13,0,12,8,8,5,32,0,20,92,9,169,74,39,20,9,36,32,12,14,47,6,57,209,9,410,50,31,21,7,19,35,4,5,41,6,47,250,0,423,54,56,21,5,28,24,3,11,66,7,66,450,5,690,48,64,12,0,21,12,5,0,58,0,63,281,8,497,12,20,8,0,12,9,0,0,16,3,17,144,5,221,3,0,0,0,0,0,0,0,4,0,6,16,103,133,267,236,92,21,134,130,36,48,279,27,311,1558,142,2722,55,25,21,16,23,26,14,16
801091106,..,..,..,..,..,..,..,..,..,..,..,..,..,..,..,..,..,..,..,..,..,..,..,..,..,..,..,..,..,..,..,..,..,..,..,..,..,..,..,..,..,..,..,..,..,..,..,..,..,..,..,..,..,..,..,..,..,..,..,..,..,..,..,..,..,..,17,12,3,0,12,11,4,5,18,0,18,111,5,179,18,12,8,4,4,3,3,5,23,3,11,98,0,159,83,41,25,6,40,33,6,22,51,8,59,196,11,425,40,38,16,5,14,24,6,10,29,4,41,257,3,406,71,63,28,0,23,31,9,9,78,10,65,476,17,740,51,57,27,4,24,24,3,0,60,3,56,341,25,574,25,18,5,0,10,6,3,0,17,0,21,152,9,232,0,0,0,0,0,0,0,0,0,0,3,8,90,105,314,244,106,15,136,138,35,56,271,30,279,1639,165,2831,51,23,16,15,25,33,10,14
801091107,..,..,..,..,..,..,..,..,..,..,..,..,..,..,..,..,..,..,..,..,..,..,..,..,..,..,..,..,..,..,..,..,..,..,..,..,..,..,..,..,..,..,..,..,..,..,..,..,..,..,..,..,..,..,..,..,..,..,..,..,..,..,..,..,..,..,7,0,0,0,0,0,0,0,11,4,5,40,3,63,14,5,0,0,0,0,0,0,6,0,9,29,0,56,10,9,4,0,5,4,0,4,8,0,8,57,4,93,11,5,5,0,3,3,0,0,8,0,3,32,3,65,23,7,3,3,9,9,3,8,3,0,21,103,0,173,10,18,8,0,14,15,0,4,11,3,23,86,6,146,13,10,3,0,12,9,0,5,9,0,24,118,5,179,0,0,0,0,0,0,0,0,0,0,0,8,21,32,90,51,25,9,37,45,3,13,51,5,100,466,44,803,16,8,0,3,5,10,0,4
801091108,..,..,..,..,..,..,..,..,..,..,..,..,..,..,..,..,..,..,..,..,..,..,..,..,..,..,..,..,..,..,..,..,..,..,..,..,..,..,..,..,..,..,..,..,..,..,..,..,..,..,..,..,..,..,..,..,..,..,..,..,..,..,..,..,..,..,9,5,5,0,5,0,0,5,21,0,16,104,3,154,21,8,11,0,3,4,0,0,16,4,16,77,5,134,90,42,30,8,40,52,13,17,55,18,51,162,0,357,46,18,19,0,13,12,7,8,19,3,28,139,7,249,69,49,24,0,30,22,4,4,51,7,60,278,9,496,49,52,17,0,20,9,3,5,44,0,53,311,13,494,21,21,6,0,14,8,4,3,12,0,27,170,0,257,4,0,0,0,4,4,0,0,0,0,5,9,64,84,299,203,104,5,126,115,32,48,206,32,251,1245,101,2226,48,22,20,5,18,23,7,11
801091109,..,..,..,..,..,..,..,..,..,..,..,..,..,..,..,..,..,..,..,..,..,..,..,..,..,..,..,..,..,..,..,..,..,..,..,..,..,..,..,..,..,..,..,..,..,..,..,..,..,..,..,..,..,..,..,..,..,..,..,..,..,..,..,..,..,..,9,10,4,0,16,5,4,3,20,0,17,171,8,251,10,16,5,0,3,0,0,0,20,0,4,74,3,119,44,45,18,5,28,33,7,21,82,8,76,263,6,484,41,41,6,0,14,9,4,10,72,8,43,445,10,631,74,143,18,3,53,22,7,11,175,5,144,1093,19,1580,44,118,14,0,34,19,6,5,137,3,111,688,22,1073,15,27,5,0,12,6,0,3,25,0,26,159,5,244,0,0,0,0,3,0,0,0,0,0,0,29,206,235,244,399,68,11,163,97,30,51,526,23,419,2928,274,4613,39,28,7,10,20,14,13,17
801091110,..,..,..,..,..,..,..,..,..,..,..,..,..,..,..,..,..,..,..,..,..,..,..,..,..,..,..,..,..,..,..,..,..,..,..,..,..,..,..,..,..,..,..,..,..,..,..,..,..,..,..,..,..,..,..,..,..,..,..,..,..,..,..,..,..,..,11,9,5,0,8,5,3,0,10,0,10,74,8,121,12,13,6,0,3,7,0,0,19,0,21,79,3,142,63,30,25,0,26,28,7,15,38,6,46,120,6,280,31,13,13,0,14,15,0,11,28,0,20,100,0,189,39,42,14,6,12,18,3,9,45,0,37,267,14,437,37,50,9,0,19,3,4,4,40,0,53,267,14,432,13,15,0,0,3,8,0,0,7,0,13,154,12,206,3,0,0,0,0,0,0,0,3,0,0,10,64,81,200,177,71,7,89,84,18,40,196,14,196,1067,126,1899,41,17,13,3,20,19,9,14
801101134,..,..,..,..,..,..,..,..,..,..,..,..,..,..,..,..,..,..,..,..,..,..,..,..,..,..,..,..,..,..,..,..,..,..,..,..,..,..,..,..,..,..,..,..,..,..,..,..,..,..,..,..,..,..,..,..,..,..,..,..,..,..,..,..,..,..,0,0,0,0,0,0,0,0,0,0,0,0,0,0,0,0,0,0,0,0,0,0,0,0,0,0,0,0,0,0,0,0,0,0,0,0,0,0,0,0,0,0,0,0,0,0,0,0,0,0,0,0,0,0,0,0,0,0,0,0,0,0,0,0,0,0,0,0,0,3,0,0,0,0,0,0,0,0,0,0,0,0,0,0,0,0,0,0,0,0,0,0,0,0,0,0,0,5,0,0,0,0,0,0,0,0,0,0,0,0,5,5,3,0,0,0,0,3,0,0,0,0,0,4,5,13,0,0,0,0,0,0,0,0
801101135,..,..,..,..,..,..,..,..,..,..,..,..,..,..,..,..,..,..,..,..,..,..,..,..,..,..,..,..,..,..,..,..,..,..,..,..,..,..,..,..,..,..,..,..,..,..,..,..,..,..,..,..,..,..,..,..,..,..,..,..,..,..,..,..,..,..,5,10,0,0,6,8,6,3,19,0,18,194,8,259,7,17,3,0,10,4,0,5,27,0,11,130,0,182,34,27,8,0,16,9,10,6,51,0,44,220,8,348,16,39,5,0,17,6,3,5,51,0,30,356,13,474,43,90,17,0,29,9,8,0,95,0,79,793,17,1084,30,69,13,0,26,9,4,0,95,0,88,657,13,931,8,17,5,0,8,4,4,0,11,0,27,196,0,258,7,0,0,0,0,0,0,0,0,0,3,11,121,139,148,266,41,6,123,47,29,15,351,6,304,2551,175,3680,15,11,5,6,8,12,7,3
801101136,..,..,..,..,..,..,..,..,..,..,..,..,..,..,..,..,..,..,..,..,..,..,..,..,..,..,..,..,..,..,..,..,..,..,..,..,..,..,..,..,..,..,..,..,..,..,..,..,..,..,..,..,..,..,..,..,..,..,..,..,..,..,..,..,..,..,0,5,4,0,7,0,0,0,10,0,5,139,10,176,3,10,0,0,5,6,0,3,10,0,13,53,0,83,15,12,5,0,10,6,0,4,24,0,13,77,0,127,7,9,3,0,5,0,0,0,14,0,9,109,4,141,19,42,0,0,19,3,0,3,53,0,38,389,5,541,25,54,12,0,15,7,4,0,71,0,63,434,5,634,9,19,5,0,7,3,3,0,14,0,20,189,9,263,0,0,0,0,0,0,0,0,0,0,0,14,53,72,73,150,27,0,72,28,6,7,193,7,157,1407,87,2035,9,8,0,0,9,6,0,0
801101137,..,..,..,..,..,..,..,..,..,..,..,..,..,..,..,..,..,..,..,..,..,..,..,..,..,..,..,..,..,..,..,..,..,..,..,..,..,..,..,..,..,..,..,..,..,..,..,..,..,..,..,..,..,..,..,..,..,..,..,..,..,..,..,..,..,..,0,0,0,0,0,0,0,0,0,0,0,0,0,0,0,0,0,0,0,0,0,0,0,0,0,0,0,0,0,0,0,0,0,0,0,0,0,0,0,0,0,0,0,0,0,0,0,0,0,0,0,0,0,0,0,0,0,0,0,0,0,0,0,0,0,0,0,0,0,0,0,0,0,0,0,0,0,0,0,0,0,0,0,0,0,0,0,0,0,0,0,0,0,0,0,0,0,0,0,0,0,0,0,0,0,0,0,0,0,0,0,0,0,0,0,0,0,0,0,0,0,0,0,0,0,0,0,0,0,0,0,0,0,0
801101139,..,..,..,..,..,..,..,..,..,..,..,..,..,..,..,..,..,..,..,..,..,..,..,..,..,..,..,..,..,..,..,..,..,..,..,..,..,..,..,..,..,..,..,..,..,..,..,..,..,..,..,..,..,..,..,..,..,..,..,..,..,..,..,..,..,..,5,11,0,0,5,4,0,0,16,7,14,127,3,176,10,16,6,0,3,0,0,3,24,0,9,57,3,109,29,24,11,0,19,11,0,5,59,0,41,141,4,256,12,22,5,0,13,14,3,0,33,5,29,252,10,350,51,97,14,0,31,13,0,7,129,0,94,591,16,918,43,82,4,0,21,10,6,0,86,0,86,548,16,811,16,17,4,0,12,0,6,0,19,0,28,202,0,279,0,4,0,0,0,0,0,0,0,0,4,21,109,132,160,275,43,7,102,51,15,17,355,15,303,1933,160,3043,21,17,6,4,14,8,3,5
801101145,..,..,..,..,..,..,..,..,..,..,..,..,..,..,..,..,..,..,..,..,..,..,..,..,..,..,..,..,..,..,..,..,..,..,..,..,..,..,..,..,..,..,..,..,..,..,..,..,..,..,..,..,..,..,..,..,..,..,..,..,..,..,..,..,..,..,0,0,0,0,0,0,0,0,0,0,0,0,0,0,0,0,0,0,0,0,0,0,0,0,0,0,0,0,0,0,0,0,0,0,0,0,0,0,0,0,0,0,0,0,0,0,0,0,0,0,0,0,0,0,0,0,0,0,0,0,0,0,0,0,0,0,0,0,0,0,0,0,0,0,0,0,0,0,0,0,0,0,0,0,0,0,0,0,0,0,0,0,0,0,0,0,0,0,0,0,0,0,0,0,0,0,0,0,0,0,4,4,0,0,0,0,0,0,0,0,0,0,0,0,4,4,0,0,0,0,0,0,0,0
801101146,..,..,..,..,..,..,..,..,..,..,..,..,..,..,..,..,..,..,..,..,..,..,..,..,..,..,..,..,..,..,..,..,..,..,..,..,..,..,..,..,..,..,..,..,..,..,..,..,..,..,..,..,..,..,..,..,..,..,..,..,..,..,..,..,..,..,0,0,0,0,0,0,0,0,0,0,0,6,0,6,0,0,0,0,0,0,0,0,0,0,0,0,0,0,0,0,0,0,0,0,0,0,0,0,0,0,0,0,0,0,0,0,0,0,0,0,0,0,0,0,0,0,0,0,0,0,0,0,0,0,0,0,0,0,0,0,0,0,0,0,0,0,0,0,0,0,0,0,0,0,0,0,0,0,0,0,0,0,0,0,0,0,0,0,0,0,0,0,0,0,0,0,0,0,0,0,0,0,0,0,0,0,0,0,0,0,0,0,0,4,0,4,0,0,0,0,0,0,0,0
801111140,..,..,..,..,..,..,..,..,..,..,..,..,..,..,..,..,..,..,..,..,..,..,..,..,..,..,..,..,..,..,..,..,..,..,..,..,..,..,..,..,..,..,..,..,..,..,..,..,..,..,..,..,..,..,..,..,..,..,..,..,..,..,..,..,..,..,3,4,0,0,0,3,0,0,5,0,7,17,0,28,0,0,0,0,0,0,0,0,5,0,0,17,0,19,13,3,7,0,3,6,0,3,7,0,3,13,0,44,9,4,0,0,4,5,0,0,5,0,3,38,3,52,10,13,6,0,3,0,0,0,12,0,9,69,5,115,7,15,3,0,4,0,0,0,12,0,10,64,3,97,4,5,0,0,0,0,0,0,6,0,5,19,0,37,0,0,0,0,0,0,0,0,0,0,0,6,21,30,40,39,13,0,17,13,8,6,49,3,40,239,40,423,4,5,3,0,0,3,0,0
801111141,..,..,..,..,..,..,..,..,..,..,..,..,..,..,..,..,..,..,..,..,..,..,..,..,..,..,..,..,..,..,..,..,..,..,..,..,..,..,..,..,..,..,..,..,..,..,..,..,..,..,..,..,..,..,..,..,..,..,..,..,..,..,..,..,..,..,0,0,0,0,0,0,0,0,0,0,0,5,0,5,0,0,0,0,0,0,0,0,0,0,0,0,0,4,0,3,0,0,0,0,0,0,0,0,0,0,0,8,0,0,0,0,0,0,0,0,0,0,0,4,0,4,3,0,0,0,0,0,0,0,0,0,0,9,0,13,0,0,0,0,0,0,0,0,0,0,0,0,0,0,0,0,0,0,0,0,0,0,0,0,0,0,0,0,0,0,0,0,0,0,0,0,0,0,0,0,12,12,3,4,0,0,0,0,0,0,0,0,3,22,12,47,0,0,0,0,0,0,0,0
897979799,..,..,..,..,..,..,..,..,..,..,..,..,..,..,..,..,..,..,..,..,..,..,..,..,..,..,..,..,..,..,..,..,..,..,..,..,..,..,..,..,..,..,..,..,..,..,..,..,..,..,..,..,..,..,..,..,..,..,..,..,..,..,..,..,..,..,0,0,0,0,0,0,0,0,0,0,0,0,0,0,0,0,0,0,0,0,0,0,0,0,0,0,0,0,0,0,0,0,0,0,0,0,0,0,0,0,0,0,0,0,0,0,0,0,0,0,0,0,0,0,0,0,0,0,0,0,0,0,0,0,0,0,0,0,0,0,0,0,0,0,0,0,0,0,0,0,0,0,0,0,0,0,0,0,0,0,0,0,0,0,0,0,0,0,0,0,0,0,0,0,0,0,0,0,0,0,0,0,0,0,0,0,0,0,0,0,0,0,0,0,0,0,0,0,0,0,0,0,0,0
899999499,..,..,..,..,..,..,..,..,..,..,..,..,..,..,..,..,..,..,..,..,..,..,..,..,..,..,..,..,..,..,..,..,..,..,..,..,..,..,..,..,..,..,..,..,..,..,..,..,..,..,..,..,..,..,..,..,..,..,..,..,..,..,..,..,..,..,0,3,0,0,6,0,0,0,7,0,3,29,5,49,4,8,3,0,0,3,4,4,15,0,8,42,10,81,11,15,7,0,3,5,0,0,42,0,19,36,13,114,11,11,3,0,3,0,0,0,13,0,11,31,0,66,12,10,0,0,4,0,0,0,4,0,3,47,0,80,0,4,0,0,0,0,0,0,5,0,8,23,0,39,3,0,0,0,0,0,0,0,4,0,8,9,0,21,0,0,0,0,0,0,0,0,3,0,0,3,106,121,42,55,18,0,17,18,0,10,109,6,59,222,136,560,6,8,4,0,0,6,0,6
